week,sku,channel,units,revenue,discount_pct
2026-W06,MRL-CB-TAN,store,53,16430.0,0.0
2026-W06,MRL-CB-TAN,ecom,34,10540.0,0.0
2026-W07,MRL-CB-TAN,store,51,15810.0,0.0
2026-W07,MRL-CB-TAN,ecom,37,11470.0,0.0
2026-W08,MRL-CB-TAN,store,58,17980.0,0.0
2026-W08,MRL-CB-TAN,ecom,43,13330.0,0.0
2026-W09,MRL-CB-TAN,store,58,17980.0,0.0
2026-W09,MRL-CB-TAN,ecom,47,14570.0,0.0
2026-W10,MRL-CB-TAN,store,63,19530.0,0.0
2026-W10,MRL-CB-TAN,ecom,41,12710.0,0.0
2026-W11,MRL-CB-TAN,store,50,15500.0,0.0
2026-W11,MRL-CB-TAN,ecom,36,11160.0,0.0
2026-W12,MRL-CB-TAN,store,59,18290.0,0.0
2026-W12,MRL-CB-TAN,ecom,45,13950.0,0.0
2026-W13,MRL-CB-TAN,store,56,17360.0,0.0
2026-W13,MRL-CB-TAN,ecom,42,13020.0,0.0
2026-W14,MRL-CB-TAN,store,50,15500.0,0.0
2026-W14,MRL-CB-TAN,ecom,38,11780.0,0.0
2026-W15,MRL-CB-TAN,store,53,16430.0,0.0
2026-W15,MRL-CB-TAN,ecom,42,13020.0,0.0
2026-W16,MRL-CB-TAN,store,50,15500.0,0.0
2026-W16,MRL-CB-TAN,ecom,40,12400.0,0.0
2026-W17,MRL-CB-TAN,store,55,17050.0,0.0
2026-W17,MRL-CB-TAN,ecom,40,12400.0,0.0
2026-W18,MRL-CB-TAN,store,58,17980.0,0.0
2026-W18,MRL-CB-TAN,ecom,42,13020.0,0.0
2026-W19,MRL-CB-TAN,store,56,17360.0,0.0
2026-W19,MRL-CB-TAN,ecom,39,12090.0,0.0
2026-W20,MRL-CB-TAN,store,52,16120.0,0.0
2026-W20,MRL-CB-TAN,ecom,39,12090.0,0.0
2026-W21,MRL-CB-TAN,store,81,20088.0,0.2
2026-W21,MRL-CB-TAN,ecom,64,15872.0,0.2
2026-W22,MRL-CB-TAN,store,72,17856.0,0.2
2026-W22,MRL-CB-TAN,ecom,55,13640.0,0.2
2026-W23,MRL-CB-TAN,store,68,16864.0,0.2
2026-W23,MRL-CB-TAN,ecom,55,13640.0,0.2
2026-W24,MRL-CB-TAN,store,76,18848.0,0.2
2026-W24,MRL-CB-TAN,ecom,55,13640.0,0.2
2026-W25,MRL-CB-TAN,store,74,18352.0,0.2
2026-W25,MRL-CB-TAN,ecom,52,12896.0,0.2
2026-W26,MRL-CB-TAN,store,68,16864.0,0.2
2026-W26,MRL-CB-TAN,ecom,55,13640.0,0.2
2026-W27,MRL-CB-TAN,store,42,13020.0,0.0
2026-W27,MRL-CB-TAN,ecom,28,8680.0,0.0
2026-W28,MRL-CB-TAN,store,44,13640.0,0.0
2026-W28,MRL-CB-TAN,ecom,33,10230.0,0.0
2026-W29,MRL-CB-TAN,store,2,620.0,0.0
2026-W29,MRL-CB-TAN,ecom,1,310.0,0.0
2026-W30,MRL-CB-TAN,store,0,0.0,0.0
2026-W30,MRL-CB-TAN,ecom,0,0.0,0.0
2026-W31,MRL-CB-TAN,store,0,0.0,0.0
2026-W31,MRL-CB-TAN,ecom,0,0.0,0.0
2026-W06,MRL-CB-BLK,store,61,18910.0,0.0
2026-W06,MRL-CB-BLK,ecom,48,14880.0,0.0
2026-W07,MRL-CB-BLK,store,69,21390.0,0.0
2026-W07,MRL-CB-BLK,ecom,49,15190.0,0.0
2026-W08,MRL-CB-BLK,store,73,22630.0,0.0
2026-W08,MRL-CB-BLK,ecom,50,15500.0,0.0
2026-W09,MRL-CB-BLK,store,82,25420.0,0.0
2026-W09,MRL-CB-BLK,ecom,56,17360.0,0.0
2026-W10,MRL-CB-BLK,store,85,26350.0,0.0
2026-W10,MRL-CB-BLK,ecom,55,17050.0,0.0
2026-W11,MRL-CB-BLK,store,74,22940.0,0.0
2026-W11,MRL-CB-BLK,ecom,54,16740.0,0.0
2026-W12,MRL-CB-BLK,store,70,21700.0,0.0
2026-W12,MRL-CB-BLK,ecom,47,14570.0,0.0
2026-W13,MRL-CB-BLK,store,82,25420.0,0.0
2026-W13,MRL-CB-BLK,ecom,56,17360.0,0.0
2026-W14,MRL-CB-BLK,store,67,20770.0,0.0
2026-W14,MRL-CB-BLK,ecom,49,15190.0,0.0
2026-W15,MRL-CB-BLK,store,73,22630.0,0.0
2026-W15,MRL-CB-BLK,ecom,57,17670.0,0.0
2026-W16,MRL-CB-BLK,store,73,22630.0,0.0
2026-W16,MRL-CB-BLK,ecom,49,15190.0,0.0
2026-W17,MRL-CB-BLK,store,83,25730.0,0.0
2026-W17,MRL-CB-BLK,ecom,55,17050.0,0.0
2026-W18,MRL-CB-BLK,store,69,21390.0,0.0
2026-W18,MRL-CB-BLK,ecom,45,13950.0,0.0
2026-W19,MRL-CB-BLK,store,73,22630.0,0.0
2026-W19,MRL-CB-BLK,ecom,54,16740.0,0.0
2026-W20,MRL-CB-BLK,store,65,20150.0,0.0
2026-W20,MRL-CB-BLK,ecom,51,15810.0,0.0
2026-W21,MRL-CB-BLK,store,94,23312.0,0.2
2026-W21,MRL-CB-BLK,ecom,68,16864.0,0.2
2026-W22,MRL-CB-BLK,store,102,25296.0,0.2
2026-W22,MRL-CB-BLK,ecom,81,20088.0,0.2
2026-W23,MRL-CB-BLK,store,97,24056.0,0.2
2026-W23,MRL-CB-BLK,ecom,78,19344.0,0.2
2026-W24,MRL-CB-BLK,store,104,25792.0,0.2
2026-W24,MRL-CB-BLK,ecom,72,17856.0,0.2
2026-W25,MRL-CB-BLK,store,107,26536.0,0.2
2026-W25,MRL-CB-BLK,ecom,72,17856.0,0.2
2026-W26,MRL-CB-BLK,store,96,23808.0,0.2
2026-W26,MRL-CB-BLK,ecom,79,19592.0,0.2
2026-W27,MRL-CB-BLK,store,50,15500.0,0.0
2026-W27,MRL-CB-BLK,ecom,35,10850.0,0.0
2026-W28,MRL-CB-BLK,store,54,16740.0,0.0
2026-W28,MRL-CB-BLK,ecom,41,12710.0,0.0
2026-W29,MRL-CB-BLK,store,56,17360.0,0.0
2026-W29,MRL-CB-BLK,ecom,40,12400.0,0.0
2026-W30,MRL-CB-BLK,store,50,15500.0,0.0
2026-W30,MRL-CB-BLK,ecom,38,11780.0,0.0
2026-W31,MRL-CB-BLK,store,53,16430.0,0.0
2026-W31,MRL-CB-BLK,ecom,36,11160.0,0.0
2026-W06,MRL-CB-CRM,store,49,14504.0,0.0
2026-W06,MRL-CB-CRM,ecom,32,9472.0,0.0
2026-W07,MRL-CB-CRM,store,48,14208.0,0.0
2026-W07,MRL-CB-CRM,ecom,35,10360.0,0.0
2026-W08,MRL-CB-CRM,store,50,14800.0,0.0
2026-W08,MRL-CB-CRM,ecom,34,10064.0,0.0
2026-W09,MRL-CB-CRM,store,48,14208.0,0.0
2026-W09,MRL-CB-CRM,ecom,35,10360.0,0.0
2026-W10,MRL-CB-CRM,store,51,15096.0,0.0
2026-W10,MRL-CB-CRM,ecom,38,11248.0,0.0
2026-W11,MRL-CB-CRM,store,44,13024.0,0.0
2026-W11,MRL-CB-CRM,ecom,31,9176.0,0.0
2026-W12,MRL-CB-CRM,store,53,15688.0,0.0
2026-W12,MRL-CB-CRM,ecom,35,10360.0,0.0
2026-W13,MRL-CB-CRM,store,43,12728.0,0.0
2026-W13,MRL-CB-CRM,ecom,33,9768.0,0.0
2026-W14,MRL-CB-CRM,store,47,13912.0,0.0
2026-W14,MRL-CB-CRM,ecom,31,9176.0,0.0
2026-W15,MRL-CB-CRM,store,43,12728.0,0.0
2026-W15,MRL-CB-CRM,ecom,35,10360.0,0.0
2026-W16,MRL-CB-CRM,store,46,13616.0,0.0
2026-W16,MRL-CB-CRM,ecom,29,8584.0,0.0
2026-W17,MRL-CB-CRM,store,50,14800.0,0.0
2026-W17,MRL-CB-CRM,ecom,37,10952.0,0.0
2026-W18,MRL-CB-CRM,store,40,11840.0,0.0
2026-W18,MRL-CB-CRM,ecom,32,9472.0,0.0
2026-W19,MRL-CB-CRM,store,44,13024.0,0.0
2026-W19,MRL-CB-CRM,ecom,35,10360.0,0.0
2026-W20,MRL-CB-CRM,store,49,14504.0,0.0
2026-W20,MRL-CB-CRM,ecom,40,11840.0,0.0
2026-W21,MRL-CB-CRM,store,54,14385.6,0.1
2026-W21,MRL-CB-CRM,ecom,44,11721.6,0.1
2026-W22,MRL-CB-CRM,store,49,13053.6,0.1
2026-W22,MRL-CB-CRM,ecom,36,9590.4,0.1
2026-W23,MRL-CB-CRM,store,45,11988.0,0.1
2026-W23,MRL-CB-CRM,ecom,36,9590.4,0.1
2026-W24,MRL-CB-CRM,store,52,13852.8,0.1
2026-W24,MRL-CB-CRM,ecom,33,8791.2,0.1
2026-W25,MRL-CB-CRM,store,48,12787.2,0.1
2026-W25,MRL-CB-CRM,ecom,38,10123.2,0.1
2026-W26,MRL-CB-CRM,store,55,14652.0,0.1
2026-W26,MRL-CB-CRM,ecom,41,10922.4,0.1
2026-W27,MRL-CB-CRM,store,51,15096.0,0.0
2026-W27,MRL-CB-CRM,ecom,35,10360.0,0.0
2026-W28,MRL-CB-CRM,store,44,13024.0,0.0
2026-W28,MRL-CB-CRM,ecom,35,10360.0,0.0
2026-W29,MRL-CB-CRM,store,44,13024.0,0.0
2026-W29,MRL-CB-CRM,ecom,35,10360.0,0.0
2026-W30,MRL-CB-CRM,store,46,13616.0,0.0
2026-W30,MRL-CB-CRM,ecom,32,9472.0,0.0
2026-W31,MRL-CB-CRM,store,51,15096.0,0.0
2026-W31,MRL-CB-CRM,ecom,34,10064.0,0.0
2026-W06,MRL-CB-OLV,store,26,4875.0,0.25
2026-W06,MRL-CB-OLV,ecom,19,3562.5,0.25
2026-W07,MRL-CB-OLV,store,22,4125.0,0.25
2026-W07,MRL-CB-OLV,ecom,17,3187.5,0.25
2026-W08,MRL-CB-OLV,store,24,4500.0,0.25
2026-W08,MRL-CB-OLV,ecom,17,3187.5,0.25
2026-W09,MRL-CB-OLV,store,27,5062.5,0.25
2026-W09,MRL-CB-OLV,ecom,21,3937.5,0.25
2026-W10,MRL-CB-OLV,store,26,4875.0,0.25
2026-W10,MRL-CB-OLV,ecom,17,3187.5,0.25
2026-W11,MRL-CB-OLV,store,27,5062.5,0.25
2026-W11,MRL-CB-OLV,ecom,19,3562.5,0.25
2026-W12,MRL-CB-OLV,store,23,4312.5,0.25
2026-W12,MRL-CB-OLV,ecom,18,3375.0,0.25
2026-W13,MRL-CB-OLV,store,26,4875.0,0.25
2026-W13,MRL-CB-OLV,ecom,19,3562.5,0.25
2026-W14,MRL-CB-OLV,store,27,5062.5,0.25
2026-W14,MRL-CB-OLV,ecom,19,3562.5,0.25
2026-W15,MRL-CB-OLV,store,27,5062.5,0.25
2026-W15,MRL-CB-OLV,ecom,19,3562.5,0.25
2026-W16,MRL-CB-OLV,store,25,4687.5,0.25
2026-W16,MRL-CB-OLV,ecom,19,3562.5,0.25
2026-W17,MRL-CB-OLV,store,24,4500.0,0.25
2026-W17,MRL-CB-OLV,ecom,17,3187.5,0.25
2026-W18,MRL-CB-OLV,store,24,4500.0,0.25
2026-W18,MRL-CB-OLV,ecom,19,3562.5,0.25
2026-W19,MRL-CB-OLV,store,23,4312.5,0.25
2026-W19,MRL-CB-OLV,ecom,18,3375.0,0.25
2026-W20,MRL-CB-OLV,store,26,4875.0,0.25
2026-W20,MRL-CB-OLV,ecom,20,3750.0,0.25
2026-W21,MRL-CB-OLV,store,30,5625.0,0.25
2026-W21,MRL-CB-OLV,ecom,23,4312.5,0.25
2026-W22,MRL-CB-OLV,store,26,4875.0,0.25
2026-W22,MRL-CB-OLV,ecom,20,3750.0,0.25
2026-W23,MRL-CB-OLV,store,29,5437.5,0.25
2026-W23,MRL-CB-OLV,ecom,21,3937.5,0.25
2026-W24,MRL-CB-OLV,store,30,5625.0,0.25
2026-W24,MRL-CB-OLV,ecom,22,4125.0,0.25
2026-W25,MRL-CB-OLV,store,27,5062.5,0.25
2026-W25,MRL-CB-OLV,ecom,21,3937.5,0.25
2026-W26,MRL-CB-OLV,store,30,5625.0,0.25
2026-W26,MRL-CB-OLV,ecom,22,4125.0,0.25
2026-W27,MRL-CB-OLV,store,24,4500.0,0.25
2026-W27,MRL-CB-OLV,ecom,16,3000.0,0.25
2026-W28,MRL-CB-OLV,store,27,5062.5,0.25
2026-W28,MRL-CB-OLV,ecom,19,3562.5,0.25
2026-W29,MRL-CB-OLV,store,27,5062.5,0.25
2026-W29,MRL-CB-OLV,ecom,18,3375.0,0.25
2026-W30,MRL-CB-OLV,store,24,4500.0,0.25
2026-W30,MRL-CB-OLV,ecom,18,3375.0,0.25
2026-W31,MRL-CB-OLV,store,24,4500.0,0.25
2026-W31,MRL-CB-OLV,ecom,17,3187.5,0.25
2026-W06,SIE-TT-BLK,store,43,18060.0,0.0
2026-W06,SIE-TT-BLK,ecom,32,13440.0,0.0
2026-W07,SIE-TT-BLK,store,39,16380.0,0.0
2026-W07,SIE-TT-BLK,ecom,26,10920.0,0.0
2026-W08,SIE-TT-BLK,store,44,18480.0,0.0
2026-W08,SIE-TT-BLK,ecom,29,12180.0,0.0
2026-W09,SIE-TT-BLK,store,44,18480.0,0.0
2026-W09,SIE-TT-BLK,ecom,30,12600.0,0.0
2026-W10,SIE-TT-BLK,store,43,18060.0,0.0
2026-W10,SIE-TT-BLK,ecom,28,11760.0,0.0
2026-W11,SIE-TT-BLK,store,41,17220.0,0.0
2026-W11,SIE-TT-BLK,ecom,32,13440.0,0.0
2026-W12,SIE-TT-BLK,store,49,20580.0,0.0
2026-W12,SIE-TT-BLK,ecom,32,13440.0,0.0
2026-W13,SIE-TT-BLK,store,45,18900.0,0.0
2026-W13,SIE-TT-BLK,ecom,32,13440.0,0.0
2026-W14,SIE-TT-BLK,store,41,17220.0,0.0
2026-W14,SIE-TT-BLK,ecom,28,11760.0,0.0
2026-W15,SIE-TT-BLK,store,42,17640.0,0.0
2026-W15,SIE-TT-BLK,ecom,29,12180.0,0.0
2026-W16,SIE-TT-BLK,store,39,16380.0,0.0
2026-W16,SIE-TT-BLK,ecom,31,13020.0,0.0
2026-W17,SIE-TT-BLK,store,40,16800.0,0.0
2026-W17,SIE-TT-BLK,ecom,30,12600.0,0.0
2026-W18,SIE-TT-BLK,store,42,17640.0,0.0
2026-W18,SIE-TT-BLK,ecom,34,14280.0,0.0
2026-W19,SIE-TT-BLK,store,38,15960.0,0.0
2026-W19,SIE-TT-BLK,ecom,28,11760.0,0.0
2026-W20,SIE-TT-BLK,store,48,20160.0,0.0
2026-W20,SIE-TT-BLK,ecom,31,13020.0,0.0
2026-W21,SIE-TT-BLK,store,62,20832.0,0.2
2026-W21,SIE-TT-BLK,ecom,49,16464.0,0.2
2026-W22,SIE-TT-BLK,store,51,17136.0,0.2
2026-W22,SIE-TT-BLK,ecom,38,12768.0,0.2
2026-W23,SIE-TT-BLK,store,60,20160.0,0.2
2026-W23,SIE-TT-BLK,ecom,45,15120.0,0.2
2026-W24,SIE-TT-BLK,store,61,20496.0,0.2
2026-W24,SIE-TT-BLK,ecom,45,15120.0,0.2
2026-W25,SIE-TT-BLK,store,59,19824.0,0.2
2026-W25,SIE-TT-BLK,ecom,43,14448.0,0.2
2026-W26,SIE-TT-BLK,store,53,17808.0,0.2
2026-W26,SIE-TT-BLK,ecom,35,11760.0,0.2
2026-W27,SIE-TT-BLK,store,29,12180.0,0.0
2026-W27,SIE-TT-BLK,ecom,22,9240.0,0.0
2026-W28,SIE-TT-BLK,store,28,11760.0,0.0
2026-W28,SIE-TT-BLK,ecom,22,9240.0,0.0
2026-W29,SIE-TT-BLK,store,33,13860.0,0.0
2026-W29,SIE-TT-BLK,ecom,23,9660.0,0.0
2026-W30,SIE-TT-BLK,store,29,12180.0,0.0
2026-W30,SIE-TT-BLK,ecom,20,8400.0,0.0
2026-W31,SIE-TT-BLK,store,28,11760.0,0.0
2026-W31,SIE-TT-BLK,ecom,19,7980.0,0.0
2026-W06,SIE-TT-TAN,store,32,13440.0,0.0
2026-W06,SIE-TT-TAN,ecom,23,9660.0,0.0
2026-W07,SIE-TT-TAN,store,34,14280.0,0.0
2026-W07,SIE-TT-TAN,ecom,23,9660.0,0.0
2026-W08,SIE-TT-TAN,store,34,14280.0,0.0
2026-W08,SIE-TT-TAN,ecom,26,10920.0,0.0
2026-W09,SIE-TT-TAN,store,37,15540.0,0.0
2026-W09,SIE-TT-TAN,ecom,27,11340.0,0.0
2026-W10,SIE-TT-TAN,store,35,14700.0,0.0
2026-W10,SIE-TT-TAN,ecom,28,11760.0,0.0
2026-W11,SIE-TT-TAN,store,33,13860.0,0.0
2026-W11,SIE-TT-TAN,ecom,22,9240.0,0.0
2026-W12,SIE-TT-TAN,store,36,15120.0,0.0
2026-W12,SIE-TT-TAN,ecom,24,10080.0,0.0
2026-W13,SIE-TT-TAN,store,35,14700.0,0.0
2026-W13,SIE-TT-TAN,ecom,23,9660.0,0.0
2026-W14,SIE-TT-TAN,store,29,12180.0,0.0
2026-W14,SIE-TT-TAN,ecom,22,9240.0,0.0
2026-W15,SIE-TT-TAN,store,31,13020.0,0.0
2026-W15,SIE-TT-TAN,ecom,22,9240.0,0.0
2026-W16,SIE-TT-TAN,store,35,14700.0,0.0
2026-W16,SIE-TT-TAN,ecom,25,10500.0,0.0
2026-W17,SIE-TT-TAN,store,32,13440.0,0.0
2026-W17,SIE-TT-TAN,ecom,22,9240.0,0.0
2026-W18,SIE-TT-TAN,store,35,14700.0,0.0
2026-W18,SIE-TT-TAN,ecom,24,10080.0,0.0
2026-W19,SIE-TT-TAN,store,30,12600.0,0.0
2026-W19,SIE-TT-TAN,ecom,22,9240.0,0.0
2026-W20,SIE-TT-TAN,store,35,14700.0,0.0
2026-W20,SIE-TT-TAN,ecom,27,11340.0,0.0
2026-W21,SIE-TT-TAN,store,37,13986.0,0.1
2026-W21,SIE-TT-TAN,ecom,28,10584.0,0.1
2026-W22,SIE-TT-TAN,store,32,12096.0,0.1
2026-W22,SIE-TT-TAN,ecom,25,9450.0,0.1
2026-W23,SIE-TT-TAN,store,37,13986.0,0.1
2026-W23,SIE-TT-TAN,ecom,25,9450.0,0.1
2026-W24,SIE-TT-TAN,store,40,15120.0,0.1
2026-W24,SIE-TT-TAN,ecom,30,11340.0,0.1
2026-W25,SIE-TT-TAN,store,38,14364.0,0.1
2026-W25,SIE-TT-TAN,ecom,26,9828.0,0.1
2026-W26,SIE-TT-TAN,store,36,13608.0,0.1
2026-W26,SIE-TT-TAN,ecom,25,9450.0,0.1
2026-W27,SIE-TT-TAN,store,29,12180.0,0.0
2026-W27,SIE-TT-TAN,ecom,20,8400.0,0.0
2026-W28,SIE-TT-TAN,store,37,15540.0,0.0
2026-W28,SIE-TT-TAN,ecom,24,10080.0,0.0
2026-W29,SIE-TT-TAN,store,31,13020.0,0.0
2026-W29,SIE-TT-TAN,ecom,24,10080.0,0.0
2026-W30,SIE-TT-TAN,store,33,13860.0,0.0
2026-W30,SIE-TT-TAN,ecom,22,9240.0,0.0
2026-W31,SIE-TT-TAN,store,32,13440.0,0.0
2026-W31,SIE-TT-TAN,ecom,24,10080.0,0.0
2026-W06,SIE-TT-NVY,store,23,9660.0,0.0
2026-W06,SIE-TT-NVY,ecom,16,6720.0,0.0
2026-W07,SIE-TT-NVY,store,20,8400.0,0.0
2026-W07,SIE-TT-NVY,ecom,15,6300.0,0.0
2026-W08,SIE-TT-NVY,store,25,10500.0,0.0
2026-W08,SIE-TT-NVY,ecom,17,7140.0,0.0
2026-W09,SIE-TT-NVY,store,23,9660.0,0.0
2026-W09,SIE-TT-NVY,ecom,16,6720.0,0.0
2026-W10,SIE-TT-NVY,store,21,8820.0,0.0
2026-W10,SIE-TT-NVY,ecom,16,6720.0,0.0
2026-W11,SIE-TT-NVY,store,22,9240.0,0.0
2026-W11,SIE-TT-NVY,ecom,16,6720.0,0.0
2026-W12,SIE-TT-NVY,store,22,9240.0,0.0
2026-W12,SIE-TT-NVY,ecom,17,7140.0,0.0
2026-W13,SIE-TT-NVY,store,23,9660.0,0.0
2026-W13,SIE-TT-NVY,ecom,17,7140.0,0.0
2026-W14,SIE-TT-NVY,store,23,9660.0,0.0
2026-W14,SIE-TT-NVY,ecom,16,6720.0,0.0
2026-W15,SIE-TT-NVY,store,24,10080.0,0.0
2026-W15,SIE-TT-NVY,ecom,17,7140.0,0.0
2026-W16,SIE-TT-NVY,store,24,10080.0,0.0
2026-W16,SIE-TT-NVY,ecom,17,7140.0,0.0
2026-W17,SIE-TT-NVY,store,20,8400.0,0.0
2026-W17,SIE-TT-NVY,ecom,16,6720.0,0.0
2026-W18,SIE-TT-NVY,store,24,10080.0,0.0
2026-W18,SIE-TT-NVY,ecom,17,7140.0,0.0
2026-W19,SIE-TT-NVY,store,24,10080.0,0.0
2026-W19,SIE-TT-NVY,ecom,17,7140.0,0.0
2026-W20,SIE-TT-NVY,store,22,9240.0,0.0
2026-W20,SIE-TT-NVY,ecom,16,6720.0,0.0
2026-W21,SIE-TT-NVY,store,28,10584.0,0.1
2026-W21,SIE-TT-NVY,ecom,19,7182.0,0.1
2026-W22,SIE-TT-NVY,store,24,9072.0,0.1
2026-W22,SIE-TT-NVY,ecom,17,6426.0,0.1
2026-W23,SIE-TT-NVY,store,26,9828.0,0.1
2026-W23,SIE-TT-NVY,ecom,17,6426.0,0.1
2026-W24,SIE-TT-NVY,store,26,9828.0,0.1
2026-W24,SIE-TT-NVY,ecom,19,7182.0,0.1
2026-W25,SIE-TT-NVY,store,28,10584.0,0.1
2026-W25,SIE-TT-NVY,ecom,20,7560.0,0.1
2026-W26,SIE-TT-NVY,store,23,8694.0,0.1
2026-W26,SIE-TT-NVY,ecom,18,6804.0,0.1
2026-W27,SIE-TT-NVY,store,24,10080.0,0.0
2026-W27,SIE-TT-NVY,ecom,18,7560.0,0.0
2026-W28,SIE-TT-NVY,store,22,9240.0,0.0
2026-W28,SIE-TT-NVY,ecom,17,7140.0,0.0
2026-W29,SIE-TT-NVY,store,23,9660.0,0.0
2026-W29,SIE-TT-NVY,ecom,16,6720.0,0.0
2026-W30,SIE-TT-NVY,store,22,9240.0,0.0
2026-W30,SIE-TT-NVY,ecom,18,7560.0,0.0
2026-W31,SIE-TT-NVY,store,19,7980.0,0.0
2026-W31,SIE-TT-NVY,ecom,16,6720.0,0.0
2026-W06,PIP-CL-BLK,store,26,5720.0,0.0
2026-W06,PIP-CL-BLK,ecom,18,3960.0,0.0
2026-W07,PIP-CL-BLK,store,27,5940.0,0.0
2026-W07,PIP-CL-BLK,ecom,20,4400.0,0.0
2026-W08,PIP-CL-BLK,store,29,6380.0,0.0
2026-W08,PIP-CL-BLK,ecom,20,4400.0,0.0
2026-W09,PIP-CL-BLK,store,27,5940.0,0.0
2026-W09,PIP-CL-BLK,ecom,19,4180.0,0.0
2026-W10,PIP-CL-BLK,store,28,6160.0,0.0
2026-W10,PIP-CL-BLK,ecom,18,3960.0,0.0
2026-W11,PIP-CL-BLK,store,23,5060.0,0.0
2026-W11,PIP-CL-BLK,ecom,18,3960.0,0.0
2026-W12,PIP-CL-BLK,store,28,6160.0,0.0
2026-W12,PIP-CL-BLK,ecom,19,4180.0,0.0
2026-W13,PIP-CL-BLK,store,25,5500.0,0.0
2026-W13,PIP-CL-BLK,ecom,19,4180.0,0.0
2026-W14,PIP-CL-BLK,store,29,6380.0,0.0
2026-W14,PIP-CL-BLK,ecom,19,4180.0,0.0
2026-W15,PIP-CL-BLK,store,29,6380.0,0.0
2026-W15,PIP-CL-BLK,ecom,18,3960.0,0.0
2026-W16,PIP-CL-BLK,store,27,5940.0,0.0
2026-W16,PIP-CL-BLK,ecom,21,4620.0,0.0
2026-W17,PIP-CL-BLK,store,30,6600.0,0.0
2026-W17,PIP-CL-BLK,ecom,21,4620.0,0.0
2026-W18,PIP-CL-BLK,store,25,5500.0,0.0
2026-W18,PIP-CL-BLK,ecom,16,3520.0,0.0
2026-W19,PIP-CL-BLK,store,25,5500.0,0.0
2026-W19,PIP-CL-BLK,ecom,19,4180.0,0.0
2026-W20,PIP-CL-BLK,store,26,5720.0,0.0
2026-W20,PIP-CL-BLK,ecom,17,3740.0,0.0
2026-W21,PIP-CL-BLK,store,29,5742.0,0.1
2026-W21,PIP-CL-BLK,ecom,21,4158.0,0.1
2026-W22,PIP-CL-BLK,store,31,6138.0,0.1
2026-W22,PIP-CL-BLK,ecom,21,4158.0,0.1
2026-W23,PIP-CL-BLK,store,33,6534.0,0.1
2026-W23,PIP-CL-BLK,ecom,21,4158.0,0.1
2026-W24,PIP-CL-BLK,store,32,6336.0,0.1
2026-W24,PIP-CL-BLK,ecom,21,4158.0,0.1
2026-W25,PIP-CL-BLK,store,30,5940.0,0.1
2026-W25,PIP-CL-BLK,ecom,21,4158.0,0.1
2026-W26,PIP-CL-BLK,store,28,5544.0,0.1
2026-W26,PIP-CL-BLK,ecom,19,3762.0,0.1
2026-W27,PIP-CL-BLK,store,26,5720.0,0.0
2026-W27,PIP-CL-BLK,ecom,17,3740.0,0.0
2026-W28,PIP-CL-BLK,store,25,5500.0,0.0
2026-W28,PIP-CL-BLK,ecom,18,3960.0,0.0
2026-W29,PIP-CL-BLK,store,27,5940.0,0.0
2026-W29,PIP-CL-BLK,ecom,17,3740.0,0.0
2026-W30,PIP-CL-BLK,store,27,5940.0,0.0
2026-W30,PIP-CL-BLK,ecom,19,4180.0,0.0
2026-W31,PIP-CL-BLK,store,28,6160.0,0.0
2026-W31,PIP-CL-BLK,ecom,18,3960.0,0.0
2026-W06,PIP-CL-GLD,store,16,3840.0,0.0
2026-W06,PIP-CL-GLD,ecom,12,2880.0,0.0
2026-W07,PIP-CL-GLD,store,15,3600.0,0.0
2026-W07,PIP-CL-GLD,ecom,11,2640.0,0.0
2026-W08,PIP-CL-GLD,store,18,4320.0,0.0
2026-W08,PIP-CL-GLD,ecom,13,3120.0,0.0
2026-W09,PIP-CL-GLD,store,17,4080.0,0.0
2026-W09,PIP-CL-GLD,ecom,14,3360.0,0.0
2026-W10,PIP-CL-GLD,store,17,4080.0,0.0
2026-W10,PIP-CL-GLD,ecom,12,2880.0,0.0
2026-W11,PIP-CL-GLD,store,14,3360.0,0.0
2026-W11,PIP-CL-GLD,ecom,11,2640.0,0.0
2026-W12,PIP-CL-GLD,store,15,3600.0,0.0
2026-W12,PIP-CL-GLD,ecom,11,2640.0,0.0
2026-W13,PIP-CL-GLD,store,17,4080.0,0.0
2026-W13,PIP-CL-GLD,ecom,11,2640.0,0.0
2026-W14,PIP-CL-GLD,store,16,3840.0,0.0
2026-W14,PIP-CL-GLD,ecom,11,2640.0,0.0
2026-W15,PIP-CL-GLD,store,15,3600.0,0.0
2026-W15,PIP-CL-GLD,ecom,11,2640.0,0.0
2026-W16,PIP-CL-GLD,store,15,3600.0,0.0
2026-W16,PIP-CL-GLD,ecom,11,2640.0,0.0
2026-W17,PIP-CL-GLD,store,16,3840.0,0.0
2026-W17,PIP-CL-GLD,ecom,12,2880.0,0.0
2026-W18,PIP-CL-GLD,store,15,3600.0,0.0
2026-W18,PIP-CL-GLD,ecom,11,2640.0,0.0
2026-W19,PIP-CL-GLD,store,15,3600.0,0.0
2026-W19,PIP-CL-GLD,ecom,10,2400.0,0.0
2026-W20,PIP-CL-GLD,store,17,4080.0,0.0
2026-W20,PIP-CL-GLD,ecom,12,2880.0,0.0
2026-W21,PIP-CL-GLD,store,20,4320.0,0.1
2026-W21,PIP-CL-GLD,ecom,14,3024.0,0.1
2026-W22,PIP-CL-GLD,store,19,4104.0,0.1
2026-W22,PIP-CL-GLD,ecom,13,2808.0,0.1
2026-W23,PIP-CL-GLD,store,18,3888.0,0.1
2026-W23,PIP-CL-GLD,ecom,12,2592.0,0.1
2026-W24,PIP-CL-GLD,store,19,4104.0,0.1
2026-W24,PIP-CL-GLD,ecom,14,3024.0,0.1
2026-W25,PIP-CL-GLD,store,19,4104.0,0.1
2026-W25,PIP-CL-GLD,ecom,14,3024.0,0.1
2026-W26,PIP-CL-GLD,store,19,4104.0,0.1
2026-W26,PIP-CL-GLD,ecom,13,2808.0,0.1
2026-W27,PIP-CL-GLD,store,17,4080.0,0.0
2026-W27,PIP-CL-GLD,ecom,11,2640.0,0.0
2026-W28,PIP-CL-GLD,store,16,3840.0,0.0
2026-W28,PIP-CL-GLD,ecom,11,2640.0,0.0
2026-W29,PIP-CL-GLD,store,16,3840.0,0.0
2026-W29,PIP-CL-GLD,ecom,12,2880.0,0.0
2026-W30,PIP-CL-GLD,store,15,3600.0,0.0
2026-W30,PIP-CL-GLD,ecom,11,2640.0,0.0
2026-W31,PIP-CL-GLD,store,16,3840.0,0.0
2026-W31,PIP-CL-GLD,ecom,11,2640.0,0.0
2026-W06,AST-BP-BLK,store,35,13300.0,0.0
2026-W06,AST-BP-BLK,ecom,24,9120.0,0.0
2026-W07,AST-BP-BLK,store,33,12540.0,0.0
2026-W07,AST-BP-BLK,ecom,22,8360.0,0.0
2026-W08,AST-BP-BLK,store,36,13680.0,0.0
2026-W08,AST-BP-BLK,ecom,25,9500.0,0.0
2026-W09,AST-BP-BLK,store,40,15200.0,0.0
2026-W09,AST-BP-BLK,ecom,26,9880.0,0.0
2026-W10,AST-BP-BLK,store,36,13680.0,0.0
2026-W10,AST-BP-BLK,ecom,25,9500.0,0.0
2026-W11,AST-BP-BLK,store,34,12920.0,0.0
2026-W11,AST-BP-BLK,ecom,25,9500.0,0.0
2026-W12,AST-BP-BLK,store,34,12920.0,0.0
2026-W12,AST-BP-BLK,ecom,26,9880.0,0.0
2026-W13,AST-BP-BLK,store,35,13300.0,0.0
2026-W13,AST-BP-BLK,ecom,28,10640.0,0.0
2026-W14,AST-BP-BLK,store,36,13680.0,0.0
2026-W14,AST-BP-BLK,ecom,25,9500.0,0.0
2026-W15,AST-BP-BLK,store,32,12160.0,0.0
2026-W15,AST-BP-BLK,ecom,25,9500.0,0.0
2026-W16,AST-BP-BLK,store,37,14060.0,0.0
2026-W16,AST-BP-BLK,ecom,23,8740.0,0.0
2026-W17,AST-BP-BLK,store,37,14060.0,0.0
2026-W17,AST-BP-BLK,ecom,24,9120.0,0.0
2026-W18,AST-BP-BLK,store,34,12920.0,0.0
2026-W18,AST-BP-BLK,ecom,22,8360.0,0.0
2026-W19,AST-BP-BLK,store,31,11780.0,0.0
2026-W19,AST-BP-BLK,ecom,25,9500.0,0.0
2026-W20,AST-BP-BLK,store,33,12540.0,0.0
2026-W20,AST-BP-BLK,ecom,23,8740.0,0.0
2026-W21,AST-BP-BLK,store,39,13338.0,0.1
2026-W21,AST-BP-BLK,ecom,25,8550.0,0.1
2026-W22,AST-BP-BLK,store,38,12996.0,0.1
2026-W22,AST-BP-BLK,ecom,31,10602.0,0.1
2026-W23,AST-BP-BLK,store,37,12654.0,0.1
2026-W23,AST-BP-BLK,ecom,29,9918.0,0.1
2026-W24,AST-BP-BLK,store,37,12654.0,0.1
2026-W24,AST-BP-BLK,ecom,28,9576.0,0.1
2026-W25,AST-BP-BLK,store,41,14022.0,0.1
2026-W25,AST-BP-BLK,ecom,32,10944.0,0.1
2026-W26,AST-BP-BLK,store,34,11628.0,0.1
2026-W26,AST-BP-BLK,ecom,28,9576.0,0.1
2026-W27,AST-BP-BLK,store,33,12540.0,0.0
2026-W27,AST-BP-BLK,ecom,25,9500.0,0.0
2026-W28,AST-BP-BLK,store,34,12920.0,0.0
2026-W28,AST-BP-BLK,ecom,22,8360.0,0.0
2026-W29,AST-BP-BLK,store,34,12920.0,0.0
2026-W29,AST-BP-BLK,ecom,22,8360.0,0.0
2026-W30,AST-BP-BLK,store,33,12540.0,0.0
2026-W30,AST-BP-BLK,ecom,22,8360.0,0.0
2026-W31,AST-BP-BLK,store,34,12920.0,0.0
2026-W31,AST-BP-BLK,ecom,27,10260.0,0.0
2026-W06,AST-BP-GRY,store,21,7980.0,0.0
2026-W06,AST-BP-GRY,ecom,16,6080.0,0.0
2026-W07,AST-BP-GRY,store,19,7220.0,0.0
2026-W07,AST-BP-GRY,ecom,12,4560.0,0.0
2026-W08,AST-BP-GRY,store,20,7600.0,0.0
2026-W08,AST-BP-GRY,ecom,13,4940.0,0.0
2026-W09,AST-BP-GRY,store,22,8360.0,0.0
2026-W09,AST-BP-GRY,ecom,18,6840.0,0.0
2026-W10,AST-BP-GRY,store,23,8740.0,0.0
2026-W10,AST-BP-GRY,ecom,17,6460.0,0.0
2026-W11,AST-BP-GRY,store,21,7980.0,0.0
2026-W11,AST-BP-GRY,ecom,14,5320.0,0.0
2026-W12,AST-BP-GRY,store,20,7600.0,0.0
2026-W12,AST-BP-GRY,ecom,16,6080.0,0.0
2026-W13,AST-BP-GRY,store,20,7600.0,0.0
2026-W13,AST-BP-GRY,ecom,13,4940.0,0.0
2026-W14,AST-BP-GRY,store,20,7600.0,0.0
2026-W14,AST-BP-GRY,ecom,15,5700.0,0.0
2026-W15,AST-BP-GRY,store,21,7980.0,0.0
2026-W15,AST-BP-GRY,ecom,16,6080.0,0.0
2026-W16,AST-BP-GRY,store,22,8360.0,0.0
2026-W16,AST-BP-GRY,ecom,16,6080.0,0.0
2026-W17,AST-BP-GRY,store,19,7220.0,0.0
2026-W17,AST-BP-GRY,ecom,14,5320.0,0.0
2026-W18,AST-BP-GRY,store,19,7220.0,0.0
2026-W18,AST-BP-GRY,ecom,15,5700.0,0.0
2026-W19,AST-BP-GRY,store,19,7220.0,0.0
2026-W19,AST-BP-GRY,ecom,15,5700.0,0.0
2026-W20,AST-BP-GRY,store,20,7600.0,0.0
2026-W20,AST-BP-GRY,ecom,16,6080.0,0.0
2026-W21,AST-BP-GRY,store,26,8892.0,0.1
2026-W21,AST-BP-GRY,ecom,17,5814.0,0.1
2026-W22,AST-BP-GRY,store,22,7524.0,0.1
2026-W22,AST-BP-GRY,ecom,14,4788.0,0.1
2026-W23,AST-BP-GRY,store,23,7866.0,0.1
2026-W23,AST-BP-GRY,ecom,18,6156.0,0.1
2026-W24,AST-BP-GRY,store,24,8208.0,0.1
2026-W24,AST-BP-GRY,ecom,17,5814.0,0.1
2026-W25,AST-BP-GRY,store,21,7182.0,0.1
2026-W25,AST-BP-GRY,ecom,18,6156.0,0.1
2026-W26,AST-BP-GRY,store,25,8550.0,0.1
2026-W26,AST-BP-GRY,ecom,16,5472.0,0.1
2026-W27,AST-BP-GRY,store,19,7220.0,0.0
2026-W27,AST-BP-GRY,ecom,14,5320.0,0.0
2026-W28,AST-BP-GRY,store,21,7980.0,0.0
2026-W28,AST-BP-GRY,ecom,16,6080.0,0.0
2026-W29,AST-BP-GRY,store,23,8740.0,0.0
2026-W29,AST-BP-GRY,ecom,15,5700.0,0.0
2026-W30,AST-BP-GRY,store,21,7980.0,0.0
2026-W30,AST-BP-GRY,ecom,16,6080.0,0.0
2026-W31,AST-BP-GRY,store,17,6460.0,0.0
2026-W31,AST-BP-GRY,ecom,14,5320.0,0.0
2026-W06,JUN-BK-TAN,store,25,8500.0,0.0
2026-W06,JUN-BK-TAN,ecom,18,6120.0,0.0
2026-W07,JUN-BK-TAN,store,28,9520.0,0.0
2026-W07,JUN-BK-TAN,ecom,21,7140.0,0.0
2026-W08,JUN-BK-TAN,store,27,9180.0,0.0
2026-W08,JUN-BK-TAN,ecom,19,6460.0,0.0
2026-W09,JUN-BK-TAN,store,29,9860.0,0.0
2026-W09,JUN-BK-TAN,ecom,19,6460.0,0.0
2026-W10,JUN-BK-TAN,store,30,10200.0,0.0
2026-W10,JUN-BK-TAN,ecom,22,7480.0,0.0
2026-W11,JUN-BK-TAN,store,30,10200.0,0.0
2026-W11,JUN-BK-TAN,ecom,21,7140.0,0.0
2026-W12,JUN-BK-TAN,store,29,9860.0,0.0
2026-W12,JUN-BK-TAN,ecom,18,6120.0,0.0
2026-W13,JUN-BK-TAN,store,26,8840.0,0.0
2026-W13,JUN-BK-TAN,ecom,20,6800.0,0.0
2026-W14,JUN-BK-TAN,store,24,8160.0,0.0
2026-W14,JUN-BK-TAN,ecom,20,6800.0,0.0
2026-W15,JUN-BK-TAN,store,26,8840.0,0.0
2026-W15,JUN-BK-TAN,ecom,19,6460.0,0.0
2026-W16,JUN-BK-TAN,store,26,8840.0,0.0
2026-W16,JUN-BK-TAN,ecom,19,6460.0,0.0
2026-W17,JUN-BK-TAN,store,29,9860.0,0.0
2026-W17,JUN-BK-TAN,ecom,22,7480.0,0.0
2026-W18,JUN-BK-TAN,store,28,9520.0,0.0
2026-W18,JUN-BK-TAN,ecom,22,7480.0,0.0
2026-W19,JUN-BK-TAN,store,26,8840.0,0.0
2026-W19,JUN-BK-TAN,ecom,21,7140.0,0.0
2026-W20,JUN-BK-TAN,store,25,8500.0,0.0
2026-W20,JUN-BK-TAN,ecom,20,6800.0,0.0
2026-W21,JUN-BK-TAN,store,34,10404.0,0.1
2026-W21,JUN-BK-TAN,ecom,27,8262.0,0.1
2026-W22,JUN-BK-TAN,store,29,8874.0,0.1
2026-W22,JUN-BK-TAN,ecom,21,6426.0,0.1
2026-W23,JUN-BK-TAN,store,33,10098.0,0.1
2026-W23,JUN-BK-TAN,ecom,25,7650.0,0.1
2026-W24,JUN-BK-TAN,store,30,9180.0,0.1
2026-W24,JUN-BK-TAN,ecom,22,6732.0,0.1
2026-W25,JUN-BK-TAN,store,34,10404.0,0.1
2026-W25,JUN-BK-TAN,ecom,24,7344.0,0.1
2026-W26,JUN-BK-TAN,store,35,10710.0,0.1
2026-W26,JUN-BK-TAN,ecom,24,7344.0,0.1
2026-W27,JUN-BK-TAN,store,29,9860.0,0.0
2026-W27,JUN-BK-TAN,ecom,19,6460.0,0.0
2026-W28,JUN-BK-TAN,store,28,9520.0,0.0
2026-W28,JUN-BK-TAN,ecom,18,6120.0,0.0
2026-W29,JUN-BK-TAN,store,29,9860.0,0.0
2026-W29,JUN-BK-TAN,ecom,18,6120.0,0.0
2026-W30,JUN-BK-TAN,store,26,8840.0,0.0
2026-W30,JUN-BK-TAN,ecom,19,6460.0,0.0
2026-W31,JUN-BK-TAN,store,27,9180.0,0.0
2026-W31,JUN-BK-TAN,ecom,18,6120.0,0.0
2026-W06,JUN-BK-BLK,store,31,10540.0,0.0
2026-W06,JUN-BK-BLK,ecom,22,7480.0,0.0
2026-W07,JUN-BK-BLK,store,31,10540.0,0.0
2026-W07,JUN-BK-BLK,ecom,21,7140.0,0.0
2026-W08,JUN-BK-BLK,store,30,10200.0,0.0
2026-W08,JUN-BK-BLK,ecom,21,7140.0,0.0
2026-W09,JUN-BK-BLK,store,31,10540.0,0.0
2026-W09,JUN-BK-BLK,ecom,24,8160.0,0.0
2026-W10,JUN-BK-BLK,store,32,10880.0,0.0
2026-W10,JUN-BK-BLK,ecom,25,8500.0,0.0
2026-W11,JUN-BK-BLK,store,31,10540.0,0.0
2026-W11,JUN-BK-BLK,ecom,21,7140.0,0.0
2026-W12,JUN-BK-BLK,store,31,10540.0,0.0
2026-W12,JUN-BK-BLK,ecom,22,7480.0,0.0
2026-W13,JUN-BK-BLK,store,30,10200.0,0.0
2026-W13,JUN-BK-BLK,ecom,23,7820.0,0.0
2026-W14,JUN-BK-BLK,store,34,11560.0,0.0
2026-W14,JUN-BK-BLK,ecom,22,7480.0,0.0
2026-W15,JUN-BK-BLK,store,31,10540.0,0.0
2026-W15,JUN-BK-BLK,ecom,20,6800.0,0.0
2026-W16,JUN-BK-BLK,store,30,10200.0,0.0
2026-W16,JUN-BK-BLK,ecom,21,7140.0,0.0
2026-W17,JUN-BK-BLK,store,32,10880.0,0.0
2026-W17,JUN-BK-BLK,ecom,22,7480.0,0.0
2026-W18,JUN-BK-BLK,store,28,9520.0,0.0
2026-W18,JUN-BK-BLK,ecom,21,7140.0,0.0
2026-W19,JUN-BK-BLK,store,30,10200.0,0.0
2026-W19,JUN-BK-BLK,ecom,23,7820.0,0.0
2026-W20,JUN-BK-BLK,store,42,14280.0,0.0
2026-W20,JUN-BK-BLK,ecom,31,10540.0,0.0
2026-W21,JUN-BK-BLK,store,47,14382.0,0.1
2026-W21,JUN-BK-BLK,ecom,37,11322.0,0.1
2026-W22,JUN-BK-BLK,store,48,14688.0,0.1
2026-W22,JUN-BK-BLK,ecom,37,11322.0,0.1
2026-W23,JUN-BK-BLK,store,52,15912.0,0.1
2026-W23,JUN-BK-BLK,ecom,33,10098.0,0.1
2026-W24,JUN-BK-BLK,store,48,14688.0,0.1
2026-W24,JUN-BK-BLK,ecom,37,11322.0,0.1
2026-W25,JUN-BK-BLK,store,53,16218.0,0.1
2026-W25,JUN-BK-BLK,ecom,39,11934.0,0.1
2026-W26,JUN-BK-BLK,store,48,14688.0,0.1
2026-W26,JUN-BK-BLK,ecom,33,10098.0,0.1
2026-W27,JUN-BK-BLK,store,43,14620.0,0.0
2026-W27,JUN-BK-BLK,ecom,31,10540.0,0.0
2026-W28,JUN-BK-BLK,store,43,14620.0,0.0
2026-W28,JUN-BK-BLK,ecom,33,11220.0,0.0
2026-W29,JUN-BK-BLK,store,42,14280.0,0.0
2026-W29,JUN-BK-BLK,ecom,31,10540.0,0.0
2026-W30,JUN-BK-BLK,store,35,11900.0,0.0
2026-W30,JUN-BK-BLK,ecom,28,9520.0,0.0
2026-W31,JUN-BK-BLK,store,39,13260.0,0.0
2026-W31,JUN-BK-BLK,ecom,27,9180.0,0.0
2026-W06,ELL-MN-BLK,store,35,9100.0,0.0
2026-W06,ELL-MN-BLK,ecom,26,6760.0,0.0
2026-W07,ELL-MN-BLK,store,34,8840.0,0.0
2026-W07,ELL-MN-BLK,ecom,27,7020.0,0.0
2026-W08,ELL-MN-BLK,store,37,9620.0,0.0
2026-W08,ELL-MN-BLK,ecom,31,8060.0,0.0
2026-W09,ELL-MN-BLK,store,39,10140.0,0.0
2026-W09,ELL-MN-BLK,ecom,27,7020.0,0.0
2026-W10,ELL-MN-BLK,store,34,8840.0,0.0
2026-W10,ELL-MN-BLK,ecom,27,7020.0,0.0
2026-W11,ELL-MN-BLK,store,35,9100.0,0.0
2026-W11,ELL-MN-BLK,ecom,25,6500.0,0.0
2026-W12,ELL-MN-BLK,store,42,10920.0,0.0
2026-W12,ELL-MN-BLK,ecom,28,7280.0,0.0
2026-W13,ELL-MN-BLK,store,37,9620.0,0.0
2026-W13,ELL-MN-BLK,ecom,30,7800.0,0.0
2026-W14,ELL-MN-BLK,store,34,8840.0,0.0
2026-W14,ELL-MN-BLK,ecom,24,6240.0,0.0
2026-W15,ELL-MN-BLK,store,41,10660.0,0.0
2026-W15,ELL-MN-BLK,ecom,28,7280.0,0.0
2026-W16,ELL-MN-BLK,store,35,9100.0,0.0
2026-W16,ELL-MN-BLK,ecom,25,6500.0,0.0
2026-W17,ELL-MN-BLK,store,36,9360.0,0.0
2026-W17,ELL-MN-BLK,ecom,26,6760.0,0.0
2026-W18,ELL-MN-BLK,store,34,8840.0,0.0
2026-W18,ELL-MN-BLK,ecom,25,6500.0,0.0
2026-W19,ELL-MN-BLK,store,34,8840.0,0.0
2026-W19,ELL-MN-BLK,ecom,25,6500.0,0.0
2026-W20,ELL-MN-BLK,store,25,6500.0,0.0
2026-W20,ELL-MN-BLK,ecom,20,5200.0,0.0
2026-W21,ELL-MN-BLK,store,27,6318.0,0.1
2026-W21,ELL-MN-BLK,ecom,22,5148.0,0.1
2026-W22,ELL-MN-BLK,store,28,6552.0,0.1
2026-W22,ELL-MN-BLK,ecom,20,4680.0,0.1
2026-W23,ELL-MN-BLK,store,28,6552.0,0.1
2026-W23,ELL-MN-BLK,ecom,21,4914.0,0.1
2026-W24,ELL-MN-BLK,store,27,6318.0,0.1
2026-W24,ELL-MN-BLK,ecom,22,5148.0,0.1
2026-W25,ELL-MN-BLK,store,29,6786.0,0.1
2026-W25,ELL-MN-BLK,ecom,20,4680.0,0.1
2026-W26,ELL-MN-BLK,store,28,6552.0,0.1
2026-W26,ELL-MN-BLK,ecom,20,4680.0,0.1
2026-W27,ELL-MN-BLK,store,28,7280.0,0.0
2026-W27,ELL-MN-BLK,ecom,19,4940.0,0.0
2026-W28,ELL-MN-BLK,store,27,7020.0,0.0
2026-W28,ELL-MN-BLK,ecom,18,4680.0,0.0
2026-W29,ELL-MN-BLK,store,28,7280.0,0.0
2026-W29,ELL-MN-BLK,ecom,21,5460.0,0.0
2026-W30,ELL-MN-BLK,store,26,6760.0,0.0
2026-W30,ELL-MN-BLK,ecom,18,4680.0,0.0
2026-W31,ELL-MN-BLK,store,25,6500.0,0.0
2026-W31,ELL-MN-BLK,ecom,18,4680.0,0.0
2026-W06,ELL-MN-PNK,store,18,4680.0,0.0
2026-W06,ELL-MN-PNK,ecom,12,3120.0,0.0
2026-W07,ELL-MN-PNK,store,18,4680.0,0.0
2026-W07,ELL-MN-PNK,ecom,12,3120.0,0.0
2026-W08,ELL-MN-PNK,store,18,4680.0,0.0
2026-W08,ELL-MN-PNK,ecom,15,3900.0,0.0
2026-W09,ELL-MN-PNK,store,21,5460.0,0.0
2026-W09,ELL-MN-PNK,ecom,15,3900.0,0.0
2026-W10,ELL-MN-PNK,store,19,4940.0,0.0
2026-W10,ELL-MN-PNK,ecom,12,3120.0,0.0
2026-W11,ELL-MN-PNK,store,17,4420.0,0.0
2026-W11,ELL-MN-PNK,ecom,13,3380.0,0.0
2026-W12,ELL-MN-PNK,store,21,5460.0,0.0
2026-W12,ELL-MN-PNK,ecom,15,3900.0,0.0
2026-W13,ELL-MN-PNK,store,18,4680.0,0.0
2026-W13,ELL-MN-PNK,ecom,12,3120.0,0.0
2026-W14,ELL-MN-PNK,store,17,4420.0,0.0
2026-W14,ELL-MN-PNK,ecom,12,3120.0,0.0
2026-W15,ELL-MN-PNK,store,18,4680.0,0.0
2026-W15,ELL-MN-PNK,ecom,13,3380.0,0.0
2026-W16,ELL-MN-PNK,store,19,4940.0,0.0
2026-W16,ELL-MN-PNK,ecom,12,3120.0,0.0
2026-W17,ELL-MN-PNK,store,17,4420.0,0.0
2026-W17,ELL-MN-PNK,ecom,14,3640.0,0.0
2026-W18,ELL-MN-PNK,store,18,4680.0,0.0
2026-W18,ELL-MN-PNK,ecom,14,3640.0,0.0
2026-W19,ELL-MN-PNK,store,17,4420.0,0.0
2026-W19,ELL-MN-PNK,ecom,11,2860.0,0.0
2026-W20,ELL-MN-PNK,store,19,4940.0,0.0
2026-W20,ELL-MN-PNK,ecom,13,3380.0,0.0
2026-W21,ELL-MN-PNK,store,22,5148.0,0.1
2026-W21,ELL-MN-PNK,ecom,18,4212.0,0.1
2026-W22,ELL-MN-PNK,store,21,4914.0,0.1
2026-W22,ELL-MN-PNK,ecom,14,3276.0,0.1
2026-W23,ELL-MN-PNK,store,21,4914.0,0.1
2026-W23,ELL-MN-PNK,ecom,17,3978.0,0.1
2026-W24,ELL-MN-PNK,store,21,4914.0,0.1
2026-W24,ELL-MN-PNK,ecom,17,3978.0,0.1
2026-W25,ELL-MN-PNK,store,22,5148.0,0.1
2026-W25,ELL-MN-PNK,ecom,16,3744.0,0.1
2026-W26,ELL-MN-PNK,store,22,5148.0,0.1
2026-W26,ELL-MN-PNK,ecom,17,3978.0,0.1
2026-W27,ELL-MN-PNK,store,18,4680.0,0.0
2026-W27,ELL-MN-PNK,ecom,12,3120.0,0.0
2026-W28,ELL-MN-PNK,store,18,4680.0,0.0
2026-W28,ELL-MN-PNK,ecom,13,3380.0,0.0
2026-W29,ELL-MN-PNK,store,18,4680.0,0.0
2026-W29,ELL-MN-PNK,ecom,12,3120.0,0.0
2026-W30,ELL-MN-PNK,store,19,4940.0,0.0
2026-W30,ELL-MN-PNK,ecom,12,3120.0,0.0
2026-W31,ELL-MN-PNK,store,19,4940.0,0.0
2026-W31,ELL-MN-PNK,ecom,15,3900.0,0.0
2026-W06,NAD-LF-BLK-35,store,4,1160.0,0.0
2026-W06,NAD-LF-BLK-35,ecom,4,1160.0,0.0
2026-W07,NAD-LF-BLK-35,store,4,1160.0,0.0
2026-W07,NAD-LF-BLK-35,ecom,4,1160.0,0.0
2026-W08,NAD-LF-BLK-35,store,5,1450.0,0.0
2026-W08,NAD-LF-BLK-35,ecom,3,870.0,0.0
2026-W09,NAD-LF-BLK-35,store,6,1740.0,0.0
2026-W09,NAD-LF-BLK-35,ecom,4,1160.0,0.0
2026-W10,NAD-LF-BLK-35,store,5,1450.0,0.0
2026-W10,NAD-LF-BLK-35,ecom,4,1160.0,0.0
2026-W11,NAD-LF-BLK-35,store,5,1450.0,0.0
2026-W11,NAD-LF-BLK-35,ecom,3,870.0,0.0
2026-W12,NAD-LF-BLK-35,store,5,1450.0,0.0
2026-W12,NAD-LF-BLK-35,ecom,3,870.0,0.0
2026-W13,NAD-LF-BLK-35,store,5,1450.0,0.0
2026-W13,NAD-LF-BLK-35,ecom,3,870.0,0.0
2026-W14,NAD-LF-BLK-35,store,5,1450.0,0.0
2026-W14,NAD-LF-BLK-35,ecom,3,870.0,0.0
2026-W15,NAD-LF-BLK-35,store,5,1450.0,0.0
2026-W15,NAD-LF-BLK-35,ecom,3,870.0,0.0
2026-W16,NAD-LF-BLK-35,store,5,1450.0,0.0
2026-W16,NAD-LF-BLK-35,ecom,4,1160.0,0.0
2026-W17,NAD-LF-BLK-35,store,5,1450.0,0.0
2026-W17,NAD-LF-BLK-35,ecom,4,1160.0,0.0
2026-W18,NAD-LF-BLK-35,store,4,1160.0,0.0
2026-W18,NAD-LF-BLK-35,ecom,4,1160.0,0.0
2026-W19,NAD-LF-BLK-35,store,5,1450.0,0.0
2026-W19,NAD-LF-BLK-35,ecom,3,870.0,0.0
2026-W20,NAD-LF-BLK-35,store,5,1450.0,0.0
2026-W20,NAD-LF-BLK-35,ecom,3,870.0,0.0
2026-W21,NAD-LF-BLK-35,store,6,1566.0,0.1
2026-W21,NAD-LF-BLK-35,ecom,4,1044.0,0.1
2026-W22,NAD-LF-BLK-35,store,6,1566.0,0.1
2026-W22,NAD-LF-BLK-35,ecom,4,1044.0,0.1
2026-W23,NAD-LF-BLK-35,store,5,1305.0,0.1
2026-W23,NAD-LF-BLK-35,ecom,4,1044.0,0.1
2026-W24,NAD-LF-BLK-35,store,5,1305.0,0.1
2026-W24,NAD-LF-BLK-35,ecom,4,1044.0,0.1
2026-W25,NAD-LF-BLK-35,store,5,1305.0,0.1
2026-W25,NAD-LF-BLK-35,ecom,4,1044.0,0.1
2026-W26,NAD-LF-BLK-35,store,6,1566.0,0.1
2026-W26,NAD-LF-BLK-35,ecom,4,1044.0,0.1
2026-W27,NAD-LF-BLK-35,store,5,1450.0,0.0
2026-W27,NAD-LF-BLK-35,ecom,4,1160.0,0.0
2026-W28,NAD-LF-BLK-35,store,4,1160.0,0.0
2026-W28,NAD-LF-BLK-35,ecom,4,1160.0,0.0
2026-W29,NAD-LF-BLK-35,store,5,1450.0,0.0
2026-W29,NAD-LF-BLK-35,ecom,3,870.0,0.0
2026-W30,NAD-LF-BLK-35,store,5,1450.0,0.0
2026-W30,NAD-LF-BLK-35,ecom,3,870.0,0.0
2026-W31,NAD-LF-BLK-35,store,5,1450.0,0.0
2026-W31,NAD-LF-BLK-35,ecom,3,870.0,0.0
2026-W06,NAD-LF-BLK-36,store,10,2900.0,0.0
2026-W06,NAD-LF-BLK-36,ecom,7,2030.0,0.0
2026-W07,NAD-LF-BLK-36,store,10,2900.0,0.0
2026-W07,NAD-LF-BLK-36,ecom,7,2030.0,0.0
2026-W08,NAD-LF-BLK-36,store,10,2900.0,0.0
2026-W08,NAD-LF-BLK-36,ecom,8,2320.0,0.0
2026-W09,NAD-LF-BLK-36,store,11,3190.0,0.0
2026-W09,NAD-LF-BLK-36,ecom,8,2320.0,0.0
2026-W10,NAD-LF-BLK-36,store,11,3190.0,0.0
2026-W10,NAD-LF-BLK-36,ecom,8,2320.0,0.0
2026-W11,NAD-LF-BLK-36,store,10,2900.0,0.0
2026-W11,NAD-LF-BLK-36,ecom,8,2320.0,0.0
2026-W12,NAD-LF-BLK-36,store,13,3770.0,0.0
2026-W12,NAD-LF-BLK-36,ecom,8,2320.0,0.0
2026-W13,NAD-LF-BLK-36,store,11,3190.0,0.0
2026-W13,NAD-LF-BLK-36,ecom,7,2030.0,0.0
2026-W14,NAD-LF-BLK-36,store,10,2900.0,0.0
2026-W14,NAD-LF-BLK-36,ecom,8,2320.0,0.0
2026-W15,NAD-LF-BLK-36,store,11,3190.0,0.0
2026-W15,NAD-LF-BLK-36,ecom,7,2030.0,0.0
2026-W16,NAD-LF-BLK-36,store,12,3480.0,0.0
2026-W16,NAD-LF-BLK-36,ecom,8,2320.0,0.0
2026-W17,NAD-LF-BLK-36,store,12,3480.0,0.0
2026-W17,NAD-LF-BLK-36,ecom,8,2320.0,0.0
2026-W18,NAD-LF-BLK-36,store,11,3190.0,0.0
2026-W18,NAD-LF-BLK-36,ecom,8,2320.0,0.0
2026-W19,NAD-LF-BLK-36,store,11,3190.0,0.0
2026-W19,NAD-LF-BLK-36,ecom,7,2030.0,0.0
2026-W20,NAD-LF-BLK-36,store,12,3480.0,0.0
2026-W20,NAD-LF-BLK-36,ecom,7,2030.0,0.0
2026-W21,NAD-LF-BLK-36,store,13,3393.0,0.1
2026-W21,NAD-LF-BLK-36,ecom,8,2088.0,0.1
2026-W22,NAD-LF-BLK-36,store,5,1305.0,0.1
2026-W22,NAD-LF-BLK-36,ecom,4,1044.0,0.1
2026-W23,NAD-LF-BLK-36,store,0,0.0,0.1
2026-W23,NAD-LF-BLK-36,ecom,0,0.0,0.1
2026-W24,NAD-LF-BLK-36,store,0,0.0,0.1
2026-W24,NAD-LF-BLK-36,ecom,0,0.0,0.1
2026-W25,NAD-LF-BLK-36,store,0,0.0,0.1
2026-W25,NAD-LF-BLK-36,ecom,0,0.0,0.1
2026-W26,NAD-LF-BLK-36,store,0,0.0,0.1
2026-W26,NAD-LF-BLK-36,ecom,0,0.0,0.1
2026-W27,NAD-LF-BLK-36,store,0,0.0,0.0
2026-W27,NAD-LF-BLK-36,ecom,0,0.0,0.0
2026-W28,NAD-LF-BLK-36,store,0,0.0,0.0
2026-W28,NAD-LF-BLK-36,ecom,0,0.0,0.0
2026-W29,NAD-LF-BLK-36,store,0,0.0,0.0
2026-W29,NAD-LF-BLK-36,ecom,0,0.0,0.0
2026-W30,NAD-LF-BLK-36,store,0,0.0,0.0
2026-W30,NAD-LF-BLK-36,ecom,0,0.0,0.0
2026-W31,NAD-LF-BLK-36,store,0,0.0,0.0
2026-W31,NAD-LF-BLK-36,ecom,0,0.0,0.0
2026-W06,NAD-LF-BLK-37,store,11,3190.0,0.0
2026-W06,NAD-LF-BLK-37,ecom,9,2610.0,0.0
2026-W07,NAD-LF-BLK-37,store,12,3480.0,0.0
2026-W07,NAD-LF-BLK-37,ecom,8,2320.0,0.0
2026-W08,NAD-LF-BLK-37,store,14,4060.0,0.0
2026-W08,NAD-LF-BLK-37,ecom,10,2900.0,0.0
2026-W09,NAD-LF-BLK-37,store,14,4060.0,0.0
2026-W09,NAD-LF-BLK-37,ecom,9,2610.0,0.0
2026-W10,NAD-LF-BLK-37,store,14,4060.0,0.0
2026-W10,NAD-LF-BLK-37,ecom,9,2610.0,0.0
2026-W11,NAD-LF-BLK-37,store,13,3770.0,0.0
2026-W11,NAD-LF-BLK-37,ecom,9,2610.0,0.0
2026-W12,NAD-LF-BLK-37,store,13,3770.0,0.0
2026-W12,NAD-LF-BLK-37,ecom,10,2900.0,0.0
2026-W13,NAD-LF-BLK-37,store,13,3770.0,0.0
2026-W13,NAD-LF-BLK-37,ecom,9,2610.0,0.0
2026-W14,NAD-LF-BLK-37,store,13,3770.0,0.0
2026-W14,NAD-LF-BLK-37,ecom,10,2900.0,0.0
2026-W15,NAD-LF-BLK-37,store,12,3480.0,0.0
2026-W15,NAD-LF-BLK-37,ecom,8,2320.0,0.0
2026-W16,NAD-LF-BLK-37,store,13,3770.0,0.0
2026-W16,NAD-LF-BLK-37,ecom,10,2900.0,0.0
2026-W17,NAD-LF-BLK-37,store,13,3770.0,0.0
2026-W17,NAD-LF-BLK-37,ecom,9,2610.0,0.0
2026-W18,NAD-LF-BLK-37,store,12,3480.0,0.0
2026-W18,NAD-LF-BLK-37,ecom,9,2610.0,0.0
2026-W19,NAD-LF-BLK-37,store,11,3190.0,0.0
2026-W19,NAD-LF-BLK-37,ecom,9,2610.0,0.0
2026-W20,NAD-LF-BLK-37,store,12,3480.0,0.0
2026-W20,NAD-LF-BLK-37,ecom,9,2610.0,0.0
2026-W21,NAD-LF-BLK-37,store,16,4176.0,0.1
2026-W21,NAD-LF-BLK-37,ecom,12,3132.0,0.1
2026-W22,NAD-LF-BLK-37,store,9,2349.0,0.1
2026-W22,NAD-LF-BLK-37,ecom,5,1305.0,0.1
2026-W23,NAD-LF-BLK-37,store,0,0.0,0.1
2026-W23,NAD-LF-BLK-37,ecom,0,0.0,0.1
2026-W24,NAD-LF-BLK-37,store,0,0.0,0.1
2026-W24,NAD-LF-BLK-37,ecom,0,0.0,0.1
2026-W25,NAD-LF-BLK-37,store,0,0.0,0.1
2026-W25,NAD-LF-BLK-37,ecom,0,0.0,0.1
2026-W26,NAD-LF-BLK-37,store,0,0.0,0.1
2026-W26,NAD-LF-BLK-37,ecom,0,0.0,0.1
2026-W27,NAD-LF-BLK-37,store,0,0.0,0.0
2026-W27,NAD-LF-BLK-37,ecom,0,0.0,0.0
2026-W28,NAD-LF-BLK-37,store,0,0.0,0.0
2026-W28,NAD-LF-BLK-37,ecom,0,0.0,0.0
2026-W29,NAD-LF-BLK-37,store,0,0.0,0.0
2026-W29,NAD-LF-BLK-37,ecom,0,0.0,0.0
2026-W30,NAD-LF-BLK-37,store,0,0.0,0.0
2026-W30,NAD-LF-BLK-37,ecom,0,0.0,0.0
2026-W31,NAD-LF-BLK-37,store,0,0.0,0.0
2026-W31,NAD-LF-BLK-37,ecom,0,0.0,0.0
2026-W06,NAD-LF-BLK-38,store,11,3190.0,0.0
2026-W06,NAD-LF-BLK-38,ecom,7,2030.0,0.0
2026-W07,NAD-LF-BLK-38,store,11,3190.0,0.0
2026-W07,NAD-LF-BLK-38,ecom,8,2320.0,0.0
2026-W08,NAD-LF-BLK-38,store,10,2900.0,0.0
2026-W08,NAD-LF-BLK-38,ecom,7,2030.0,0.0
2026-W09,NAD-LF-BLK-38,store,12,3480.0,0.0
2026-W09,NAD-LF-BLK-38,ecom,9,2610.0,0.0
2026-W10,NAD-LF-BLK-38,store,12,3480.0,0.0
2026-W10,NAD-LF-BLK-38,ecom,9,2610.0,0.0
2026-W11,NAD-LF-BLK-38,store,11,3190.0,0.0
2026-W11,NAD-LF-BLK-38,ecom,8,2320.0,0.0
2026-W12,NAD-LF-BLK-38,store,9,2610.0,0.0
2026-W12,NAD-LF-BLK-38,ecom,8,2320.0,0.0
2026-W13,NAD-LF-BLK-38,store,10,2900.0,0.0
2026-W13,NAD-LF-BLK-38,ecom,8,2320.0,0.0
2026-W14,NAD-LF-BLK-38,store,9,2610.0,0.0
2026-W14,NAD-LF-BLK-38,ecom,8,2320.0,0.0
2026-W15,NAD-LF-BLK-38,store,10,2900.0,0.0
2026-W15,NAD-LF-BLK-38,ecom,7,2030.0,0.0
2026-W16,NAD-LF-BLK-38,store,12,3480.0,0.0
2026-W16,NAD-LF-BLK-38,ecom,9,2610.0,0.0
2026-W17,NAD-LF-BLK-38,store,12,3480.0,0.0
2026-W17,NAD-LF-BLK-38,ecom,9,2610.0,0.0
2026-W18,NAD-LF-BLK-38,store,10,2900.0,0.0
2026-W18,NAD-LF-BLK-38,ecom,8,2320.0,0.0
2026-W19,NAD-LF-BLK-38,store,11,3190.0,0.0
2026-W19,NAD-LF-BLK-38,ecom,9,2610.0,0.0
2026-W20,NAD-LF-BLK-38,store,12,3480.0,0.0
2026-W20,NAD-LF-BLK-38,ecom,9,2610.0,0.0
2026-W21,NAD-LF-BLK-38,store,13,3393.0,0.1
2026-W21,NAD-LF-BLK-38,ecom,9,2349.0,0.1
2026-W22,NAD-LF-BLK-38,store,13,3393.0,0.1
2026-W22,NAD-LF-BLK-38,ecom,10,2610.0,0.1
2026-W23,NAD-LF-BLK-38,store,5,1305.0,0.1
2026-W23,NAD-LF-BLK-38,ecom,3,783.0,0.1
2026-W24,NAD-LF-BLK-38,store,0,0.0,0.1
2026-W24,NAD-LF-BLK-38,ecom,0,0.0,0.1
2026-W25,NAD-LF-BLK-38,store,0,0.0,0.1
2026-W25,NAD-LF-BLK-38,ecom,0,0.0,0.1
2026-W26,NAD-LF-BLK-38,store,0,0.0,0.1
2026-W26,NAD-LF-BLK-38,ecom,0,0.0,0.1
2026-W27,NAD-LF-BLK-38,store,0,0.0,0.0
2026-W27,NAD-LF-BLK-38,ecom,0,0.0,0.0
2026-W28,NAD-LF-BLK-38,store,0,0.0,0.0
2026-W28,NAD-LF-BLK-38,ecom,0,0.0,0.0
2026-W29,NAD-LF-BLK-38,store,0,0.0,0.0
2026-W29,NAD-LF-BLK-38,ecom,0,0.0,0.0
2026-W30,NAD-LF-BLK-38,store,0,0.0,0.0
2026-W30,NAD-LF-BLK-38,ecom,0,0.0,0.0
2026-W31,NAD-LF-BLK-38,store,0,0.0,0.0
2026-W31,NAD-LF-BLK-38,ecom,0,0.0,0.0
2026-W06,NAD-LF-BLK-39,store,6,1740.0,0.0
2026-W06,NAD-LF-BLK-39,ecom,5,1450.0,0.0
2026-W07,NAD-LF-BLK-39,store,7,2030.0,0.0
2026-W07,NAD-LF-BLK-39,ecom,5,1450.0,0.0
2026-W08,NAD-LF-BLK-39,store,7,2030.0,0.0
2026-W08,NAD-LF-BLK-39,ecom,5,1450.0,0.0
2026-W09,NAD-LF-BLK-39,store,8,2320.0,0.0
2026-W09,NAD-LF-BLK-39,ecom,5,1450.0,0.0
2026-W10,NAD-LF-BLK-39,store,7,2030.0,0.0
2026-W10,NAD-LF-BLK-39,ecom,5,1450.0,0.0
2026-W11,NAD-LF-BLK-39,store,7,2030.0,0.0
2026-W11,NAD-LF-BLK-39,ecom,5,1450.0,0.0
2026-W12,NAD-LF-BLK-39,store,6,1740.0,0.0
2026-W12,NAD-LF-BLK-39,ecom,5,1450.0,0.0
2026-W13,NAD-LF-BLK-39,store,7,2030.0,0.0
2026-W13,NAD-LF-BLK-39,ecom,5,1450.0,0.0
2026-W14,NAD-LF-BLK-39,store,6,1740.0,0.0
2026-W14,NAD-LF-BLK-39,ecom,4,1160.0,0.0
2026-W15,NAD-LF-BLK-39,store,7,2030.0,0.0
2026-W15,NAD-LF-BLK-39,ecom,5,1450.0,0.0
2026-W16,NAD-LF-BLK-39,store,7,2030.0,0.0
2026-W16,NAD-LF-BLK-39,ecom,5,1450.0,0.0
2026-W17,NAD-LF-BLK-39,store,8,2320.0,0.0
2026-W17,NAD-LF-BLK-39,ecom,5,1450.0,0.0
2026-W18,NAD-LF-BLK-39,store,7,2030.0,0.0
2026-W18,NAD-LF-BLK-39,ecom,5,1450.0,0.0
2026-W19,NAD-LF-BLK-39,store,7,2030.0,0.0
2026-W19,NAD-LF-BLK-39,ecom,5,1450.0,0.0
2026-W20,NAD-LF-BLK-39,store,7,2030.0,0.0
2026-W20,NAD-LF-BLK-39,ecom,5,1450.0,0.0
2026-W21,NAD-LF-BLK-39,store,8,2088.0,0.1
2026-W21,NAD-LF-BLK-39,ecom,7,1827.0,0.1
2026-W22,NAD-LF-BLK-39,store,7,1827.0,0.1
2026-W22,NAD-LF-BLK-39,ecom,5,1305.0,0.1
2026-W23,NAD-LF-BLK-39,store,8,2088.0,0.1
2026-W23,NAD-LF-BLK-39,ecom,5,1305.0,0.1
2026-W24,NAD-LF-BLK-39,store,9,2349.0,0.1
2026-W24,NAD-LF-BLK-39,ecom,6,1566.0,0.1
2026-W25,NAD-LF-BLK-39,store,8,2088.0,0.1
2026-W25,NAD-LF-BLK-39,ecom,6,1566.0,0.1
2026-W26,NAD-LF-BLK-39,store,7,1827.0,0.1
2026-W26,NAD-LF-BLK-39,ecom,6,1566.0,0.1
2026-W27,NAD-LF-BLK-39,store,6,1740.0,0.0
2026-W27,NAD-LF-BLK-39,ecom,5,1450.0,0.0
2026-W28,NAD-LF-BLK-39,store,8,2320.0,0.0
2026-W28,NAD-LF-BLK-39,ecom,5,1450.0,0.0
2026-W29,NAD-LF-BLK-39,store,8,2320.0,0.0
2026-W29,NAD-LF-BLK-39,ecom,5,1450.0,0.0
2026-W30,NAD-LF-BLK-39,store,7,2030.0,0.0
2026-W30,NAD-LF-BLK-39,ecom,5,1450.0,0.0
2026-W31,NAD-LF-BLK-39,store,7,2030.0,0.0
2026-W31,NAD-LF-BLK-39,ecom,5,1450.0,0.0
2026-W06,NAD-LF-BLK-40,store,3,870.0,0.0
2026-W06,NAD-LF-BLK-40,ecom,2,580.0,0.0
2026-W07,NAD-LF-BLK-40,store,3,870.0,0.0
2026-W07,NAD-LF-BLK-40,ecom,2,580.0,0.0
2026-W08,NAD-LF-BLK-40,store,3,870.0,0.0
2026-W08,NAD-LF-BLK-40,ecom,2,580.0,0.0
2026-W09,NAD-LF-BLK-40,store,3,870.0,0.0
2026-W09,NAD-LF-BLK-40,ecom,2,580.0,0.0
2026-W10,NAD-LF-BLK-40,store,4,1160.0,0.0
2026-W10,NAD-LF-BLK-40,ecom,2,580.0,0.0
2026-W11,NAD-LF-BLK-40,store,3,870.0,0.0
2026-W11,NAD-LF-BLK-40,ecom,2,580.0,0.0
2026-W12,NAD-LF-BLK-40,store,3,870.0,0.0
2026-W12,NAD-LF-BLK-40,ecom,2,580.0,0.0
2026-W13,NAD-LF-BLK-40,store,3,870.0,0.0
2026-W13,NAD-LF-BLK-40,ecom,2,580.0,0.0
2026-W14,NAD-LF-BLK-40,store,2,580.0,0.0
2026-W14,NAD-LF-BLK-40,ecom,2,580.0,0.0
2026-W15,NAD-LF-BLK-40,store,3,870.0,0.0
2026-W15,NAD-LF-BLK-40,ecom,2,580.0,0.0
2026-W16,NAD-LF-BLK-40,store,4,1160.0,0.0
2026-W16,NAD-LF-BLK-40,ecom,2,580.0,0.0
2026-W17,NAD-LF-BLK-40,store,3,870.0,0.0
2026-W17,NAD-LF-BLK-40,ecom,2,580.0,0.0
2026-W18,NAD-LF-BLK-40,store,3,870.0,0.0
2026-W18,NAD-LF-BLK-40,ecom,2,580.0,0.0
2026-W19,NAD-LF-BLK-40,store,3,870.0,0.0
2026-W19,NAD-LF-BLK-40,ecom,2,580.0,0.0
2026-W20,NAD-LF-BLK-40,store,3,870.0,0.0
2026-W20,NAD-LF-BLK-40,ecom,2,580.0,0.0
2026-W21,NAD-LF-BLK-40,store,4,1044.0,0.1
2026-W21,NAD-LF-BLK-40,ecom,3,783.0,0.1
2026-W22,NAD-LF-BLK-40,store,3,783.0,0.1
2026-W22,NAD-LF-BLK-40,ecom,2,522.0,0.1
2026-W23,NAD-LF-BLK-40,store,4,1044.0,0.1
2026-W23,NAD-LF-BLK-40,ecom,2,522.0,0.1
2026-W24,NAD-LF-BLK-40,store,3,783.0,0.1
2026-W24,NAD-LF-BLK-40,ecom,3,783.0,0.1
2026-W25,NAD-LF-BLK-40,store,3,783.0,0.1
2026-W25,NAD-LF-BLK-40,ecom,3,783.0,0.1
2026-W26,NAD-LF-BLK-40,store,3,783.0,0.1
2026-W26,NAD-LF-BLK-40,ecom,2,522.0,0.1
2026-W27,NAD-LF-BLK-40,store,3,870.0,0.0
2026-W27,NAD-LF-BLK-40,ecom,2,580.0,0.0
2026-W28,NAD-LF-BLK-40,store,3,870.0,0.0
2026-W28,NAD-LF-BLK-40,ecom,2,580.0,0.0
2026-W29,NAD-LF-BLK-40,store,3,870.0,0.0
2026-W29,NAD-LF-BLK-40,ecom,2,580.0,0.0
2026-W30,NAD-LF-BLK-40,store,3,870.0,0.0
2026-W30,NAD-LF-BLK-40,ecom,2,580.0,0.0
2026-W31,NAD-LF-BLK-40,store,3,870.0,0.0
2026-W31,NAD-LF-BLK-40,ecom,2,580.0,0.0
2026-W06,NAD-LF-TAN-35,store,3,870.0,0.0
2026-W06,NAD-LF-TAN-35,ecom,3,870.0,0.0
2026-W07,NAD-LF-TAN-35,store,3,870.0,0.0
2026-W07,NAD-LF-TAN-35,ecom,3,870.0,0.0
2026-W08,NAD-LF-TAN-35,store,4,1160.0,0.0
2026-W08,NAD-LF-TAN-35,ecom,3,870.0,0.0
2026-W09,NAD-LF-TAN-35,store,3,870.0,0.0
2026-W09,NAD-LF-TAN-35,ecom,3,870.0,0.0
2026-W10,NAD-LF-TAN-35,store,3,870.0,0.0
2026-W10,NAD-LF-TAN-35,ecom,3,870.0,0.0
2026-W11,NAD-LF-TAN-35,store,3,870.0,0.0
2026-W11,NAD-LF-TAN-35,ecom,3,870.0,0.0
2026-W12,NAD-LF-TAN-35,store,3,870.0,0.0
2026-W12,NAD-LF-TAN-35,ecom,3,870.0,0.0
2026-W13,NAD-LF-TAN-35,store,4,1160.0,0.0
2026-W13,NAD-LF-TAN-35,ecom,2,580.0,0.0
2026-W14,NAD-LF-TAN-35,store,3,870.0,0.0
2026-W14,NAD-LF-TAN-35,ecom,2,580.0,0.0
2026-W15,NAD-LF-TAN-35,store,3,870.0,0.0
2026-W15,NAD-LF-TAN-35,ecom,2,580.0,0.0
2026-W16,NAD-LF-TAN-35,store,3,870.0,0.0
2026-W16,NAD-LF-TAN-35,ecom,3,870.0,0.0
2026-W17,NAD-LF-TAN-35,store,4,1160.0,0.0
2026-W17,NAD-LF-TAN-35,ecom,3,870.0,0.0
2026-W18,NAD-LF-TAN-35,store,3,870.0,0.0
2026-W18,NAD-LF-TAN-35,ecom,2,580.0,0.0
2026-W19,NAD-LF-TAN-35,store,4,1160.0,0.0
2026-W19,NAD-LF-TAN-35,ecom,2,580.0,0.0
2026-W20,NAD-LF-TAN-35,store,4,1160.0,0.0
2026-W20,NAD-LF-TAN-35,ecom,3,870.0,0.0
2026-W21,NAD-LF-TAN-35,store,3,783.0,0.1
2026-W21,NAD-LF-TAN-35,ecom,3,783.0,0.1
2026-W22,NAD-LF-TAN-35,store,3,783.0,0.1
2026-W22,NAD-LF-TAN-35,ecom,3,783.0,0.1
2026-W23,NAD-LF-TAN-35,store,4,1044.0,0.1
2026-W23,NAD-LF-TAN-35,ecom,3,783.0,0.1
2026-W24,NAD-LF-TAN-35,store,5,1305.0,0.1
2026-W24,NAD-LF-TAN-35,ecom,3,783.0,0.1
2026-W25,NAD-LF-TAN-35,store,4,1044.0,0.1
2026-W25,NAD-LF-TAN-35,ecom,3,783.0,0.1
2026-W26,NAD-LF-TAN-35,store,4,1044.0,0.1
2026-W26,NAD-LF-TAN-35,ecom,3,783.0,0.1
2026-W27,NAD-LF-TAN-35,store,3,870.0,0.0
2026-W27,NAD-LF-TAN-35,ecom,2,580.0,0.0
2026-W28,NAD-LF-TAN-35,store,3,870.0,0.0
2026-W28,NAD-LF-TAN-35,ecom,3,870.0,0.0
2026-W29,NAD-LF-TAN-35,store,4,1160.0,0.0
2026-W29,NAD-LF-TAN-35,ecom,3,870.0,0.0
2026-W30,NAD-LF-TAN-35,store,3,870.0,0.0
2026-W30,NAD-LF-TAN-35,ecom,2,580.0,0.0
2026-W31,NAD-LF-TAN-35,store,3,870.0,0.0
2026-W31,NAD-LF-TAN-35,ecom,2,580.0,0.0
2026-W06,NAD-LF-TAN-36,store,7,2030.0,0.0
2026-W06,NAD-LF-TAN-36,ecom,6,1740.0,0.0
2026-W07,NAD-LF-TAN-36,store,7,2030.0,0.0
2026-W07,NAD-LF-TAN-36,ecom,5,1450.0,0.0
2026-W08,NAD-LF-TAN-36,store,7,2030.0,0.0
2026-W08,NAD-LF-TAN-36,ecom,5,1450.0,0.0
2026-W09,NAD-LF-TAN-36,store,9,2610.0,0.0
2026-W09,NAD-LF-TAN-36,ecom,6,1740.0,0.0
2026-W10,NAD-LF-TAN-36,store,9,2610.0,0.0
2026-W10,NAD-LF-TAN-36,ecom,6,1740.0,0.0
2026-W11,NAD-LF-TAN-36,store,8,2320.0,0.0
2026-W11,NAD-LF-TAN-36,ecom,5,1450.0,0.0
2026-W12,NAD-LF-TAN-36,store,8,2320.0,0.0
2026-W12,NAD-LF-TAN-36,ecom,6,1740.0,0.0
2026-W13,NAD-LF-TAN-36,store,8,2320.0,0.0
2026-W13,NAD-LF-TAN-36,ecom,6,1740.0,0.0
2026-W14,NAD-LF-TAN-36,store,7,2030.0,0.0
2026-W14,NAD-LF-TAN-36,ecom,6,1740.0,0.0
2026-W15,NAD-LF-TAN-36,store,8,2320.0,0.0
2026-W15,NAD-LF-TAN-36,ecom,5,1450.0,0.0
2026-W16,NAD-LF-TAN-36,store,8,2320.0,0.0
2026-W16,NAD-LF-TAN-36,ecom,6,1740.0,0.0
2026-W17,NAD-LF-TAN-36,store,8,2320.0,0.0
2026-W17,NAD-LF-TAN-36,ecom,5,1450.0,0.0
2026-W18,NAD-LF-TAN-36,store,7,2030.0,0.0
2026-W18,NAD-LF-TAN-36,ecom,5,1450.0,0.0
2026-W19,NAD-LF-TAN-36,store,7,2030.0,0.0
2026-W19,NAD-LF-TAN-36,ecom,5,1450.0,0.0
2026-W20,NAD-LF-TAN-36,store,8,2320.0,0.0
2026-W20,NAD-LF-TAN-36,ecom,6,1740.0,0.0
2026-W21,NAD-LF-TAN-36,store,8,2088.0,0.1
2026-W21,NAD-LF-TAN-36,ecom,6,1566.0,0.1
2026-W22,NAD-LF-TAN-36,store,6,1566.0,0.1
2026-W22,NAD-LF-TAN-36,ecom,4,1044.0,0.1
2026-W23,NAD-LF-TAN-36,store,0,0.0,0.1
2026-W23,NAD-LF-TAN-36,ecom,0,0.0,0.1
2026-W24,NAD-LF-TAN-36,store,0,0.0,0.1
2026-W24,NAD-LF-TAN-36,ecom,0,0.0,0.1
2026-W25,NAD-LF-TAN-36,store,0,0.0,0.1
2026-W25,NAD-LF-TAN-36,ecom,0,0.0,0.1
2026-W26,NAD-LF-TAN-36,store,0,0.0,0.1
2026-W26,NAD-LF-TAN-36,ecom,0,0.0,0.1
2026-W27,NAD-LF-TAN-36,store,0,0.0,0.0
2026-W27,NAD-LF-TAN-36,ecom,0,0.0,0.0
2026-W28,NAD-LF-TAN-36,store,0,0.0,0.0
2026-W28,NAD-LF-TAN-36,ecom,0,0.0,0.0
2026-W29,NAD-LF-TAN-36,store,0,0.0,0.0
2026-W29,NAD-LF-TAN-36,ecom,0,0.0,0.0
2026-W30,NAD-LF-TAN-36,store,0,0.0,0.0
2026-W30,NAD-LF-TAN-36,ecom,0,0.0,0.0
2026-W31,NAD-LF-TAN-36,store,0,0.0,0.0
2026-W31,NAD-LF-TAN-36,ecom,0,0.0,0.0
2026-W06,NAD-LF-TAN-37,store,8,2320.0,0.0
2026-W06,NAD-LF-TAN-37,ecom,6,1740.0,0.0
2026-W07,NAD-LF-TAN-37,store,8,2320.0,0.0
2026-W07,NAD-LF-TAN-37,ecom,7,2030.0,0.0
2026-W08,NAD-LF-TAN-37,store,8,2320.0,0.0
2026-W08,NAD-LF-TAN-37,ecom,6,1740.0,0.0
2026-W09,NAD-LF-TAN-37,store,9,2610.0,0.0
2026-W09,NAD-LF-TAN-37,ecom,6,1740.0,0.0
2026-W10,NAD-LF-TAN-37,store,10,2900.0,0.0
2026-W10,NAD-LF-TAN-37,ecom,7,2030.0,0.0
2026-W11,NAD-LF-TAN-37,store,8,2320.0,0.0
2026-W11,NAD-LF-TAN-37,ecom,7,2030.0,0.0
2026-W12,NAD-LF-TAN-37,store,9,2610.0,0.0
2026-W12,NAD-LF-TAN-37,ecom,6,1740.0,0.0
2026-W13,NAD-LF-TAN-37,store,8,2320.0,0.0
2026-W13,NAD-LF-TAN-37,ecom,6,1740.0,0.0
2026-W14,NAD-LF-TAN-37,store,9,2610.0,0.0
2026-W14,NAD-LF-TAN-37,ecom,6,1740.0,0.0
2026-W15,NAD-LF-TAN-37,store,8,2320.0,0.0
2026-W15,NAD-LF-TAN-37,ecom,7,2030.0,0.0
2026-W16,NAD-LF-TAN-37,store,8,2320.0,0.0
2026-W16,NAD-LF-TAN-37,ecom,7,2030.0,0.0
2026-W17,NAD-LF-TAN-37,store,9,2610.0,0.0
2026-W17,NAD-LF-TAN-37,ecom,6,1740.0,0.0
2026-W18,NAD-LF-TAN-37,store,9,2610.0,0.0
2026-W18,NAD-LF-TAN-37,ecom,7,2030.0,0.0
2026-W19,NAD-LF-TAN-37,store,10,2900.0,0.0
2026-W19,NAD-LF-TAN-37,ecom,6,1740.0,0.0
2026-W20,NAD-LF-TAN-37,store,9,2610.0,0.0
2026-W20,NAD-LF-TAN-37,ecom,6,1740.0,0.0
2026-W21,NAD-LF-TAN-37,store,10,2610.0,0.1
2026-W21,NAD-LF-TAN-37,ecom,7,1827.0,0.1
2026-W22,NAD-LF-TAN-37,store,9,2349.0,0.1
2026-W22,NAD-LF-TAN-37,ecom,7,1827.0,0.1
2026-W23,NAD-LF-TAN-37,store,9,2349.0,0.1
2026-W23,NAD-LF-TAN-37,ecom,7,1827.0,0.1
2026-W24,NAD-LF-TAN-37,store,0,0.0,0.1
2026-W24,NAD-LF-TAN-37,ecom,0,0.0,0.1
2026-W25,NAD-LF-TAN-37,store,0,0.0,0.1
2026-W25,NAD-LF-TAN-37,ecom,0,0.0,0.1
2026-W26,NAD-LF-TAN-37,store,0,0.0,0.1
2026-W26,NAD-LF-TAN-37,ecom,0,0.0,0.1
2026-W27,NAD-LF-TAN-37,store,0,0.0,0.0
2026-W27,NAD-LF-TAN-37,ecom,0,0.0,0.0
2026-W28,NAD-LF-TAN-37,store,0,0.0,0.0
2026-W28,NAD-LF-TAN-37,ecom,0,0.0,0.0
2026-W29,NAD-LF-TAN-37,store,0,0.0,0.0
2026-W29,NAD-LF-TAN-37,ecom,0,0.0,0.0
2026-W30,NAD-LF-TAN-37,store,0,0.0,0.0
2026-W30,NAD-LF-TAN-37,ecom,0,0.0,0.0
2026-W31,NAD-LF-TAN-37,store,0,0.0,0.0
2026-W31,NAD-LF-TAN-37,ecom,0,0.0,0.0
2026-W06,NAD-LF-TAN-38,store,7,2030.0,0.0
2026-W06,NAD-LF-TAN-38,ecom,5,1450.0,0.0
2026-W07,NAD-LF-TAN-38,store,7,2030.0,0.0
2026-W07,NAD-LF-TAN-38,ecom,6,1740.0,0.0
2026-W08,NAD-LF-TAN-38,store,8,2320.0,0.0
2026-W08,NAD-LF-TAN-38,ecom,5,1450.0,0.0
2026-W09,NAD-LF-TAN-38,store,9,2610.0,0.0
2026-W09,NAD-LF-TAN-38,ecom,6,1740.0,0.0
2026-W10,NAD-LF-TAN-38,store,8,2320.0,0.0
2026-W10,NAD-LF-TAN-38,ecom,6,1740.0,0.0
2026-W11,NAD-LF-TAN-38,store,8,2320.0,0.0
2026-W11,NAD-LF-TAN-38,ecom,6,1740.0,0.0
2026-W12,NAD-LF-TAN-38,store,8,2320.0,0.0
2026-W12,NAD-LF-TAN-38,ecom,6,1740.0,0.0
2026-W13,NAD-LF-TAN-38,store,7,2030.0,0.0
2026-W13,NAD-LF-TAN-38,ecom,6,1740.0,0.0
2026-W14,NAD-LF-TAN-38,store,8,2320.0,0.0
2026-W14,NAD-LF-TAN-38,ecom,5,1450.0,0.0
2026-W15,NAD-LF-TAN-38,store,8,2320.0,0.0
2026-W15,NAD-LF-TAN-38,ecom,5,1450.0,0.0
2026-W16,NAD-LF-TAN-38,store,8,2320.0,0.0
2026-W16,NAD-LF-TAN-38,ecom,6,1740.0,0.0
2026-W17,NAD-LF-TAN-38,store,7,2030.0,0.0
2026-W17,NAD-LF-TAN-38,ecom,5,1450.0,0.0
2026-W18,NAD-LF-TAN-38,store,7,2030.0,0.0
2026-W18,NAD-LF-TAN-38,ecom,5,1450.0,0.0
2026-W19,NAD-LF-TAN-38,store,8,2320.0,0.0
2026-W19,NAD-LF-TAN-38,ecom,6,1740.0,0.0
2026-W20,NAD-LF-TAN-38,store,8,2320.0,0.0
2026-W20,NAD-LF-TAN-38,ecom,6,1740.0,0.0
2026-W21,NAD-LF-TAN-38,store,8,2088.0,0.1
2026-W21,NAD-LF-TAN-38,ecom,6,1566.0,0.1
2026-W22,NAD-LF-TAN-38,store,5,1305.0,0.1
2026-W22,NAD-LF-TAN-38,ecom,4,1044.0,0.1
2026-W23,NAD-LF-TAN-38,store,0,0.0,0.1
2026-W23,NAD-LF-TAN-38,ecom,0,0.0,0.1
2026-W24,NAD-LF-TAN-38,store,0,0.0,0.1
2026-W24,NAD-LF-TAN-38,ecom,0,0.0,0.1
2026-W25,NAD-LF-TAN-38,store,0,0.0,0.1
2026-W25,NAD-LF-TAN-38,ecom,0,0.0,0.1
2026-W26,NAD-LF-TAN-38,store,0,0.0,0.1
2026-W26,NAD-LF-TAN-38,ecom,0,0.0,0.1
2026-W27,NAD-LF-TAN-38,store,0,0.0,0.0
2026-W27,NAD-LF-TAN-38,ecom,0,0.0,0.0
2026-W28,NAD-LF-TAN-38,store,0,0.0,0.0
2026-W28,NAD-LF-TAN-38,ecom,0,0.0,0.0
2026-W29,NAD-LF-TAN-38,store,0,0.0,0.0
2026-W29,NAD-LF-TAN-38,ecom,0,0.0,0.0
2026-W30,NAD-LF-TAN-38,store,0,0.0,0.0
2026-W30,NAD-LF-TAN-38,ecom,0,0.0,0.0
2026-W31,NAD-LF-TAN-38,store,0,0.0,0.0
2026-W31,NAD-LF-TAN-38,ecom,0,0.0,0.0
2026-W06,NAD-LF-TAN-39,store,5,1450.0,0.0
2026-W06,NAD-LF-TAN-39,ecom,3,870.0,0.0
2026-W07,NAD-LF-TAN-39,store,5,1450.0,0.0
2026-W07,NAD-LF-TAN-39,ecom,4,1160.0,0.0
2026-W08,NAD-LF-TAN-39,store,5,1450.0,0.0
2026-W08,NAD-LF-TAN-39,ecom,3,870.0,0.0
2026-W09,NAD-LF-TAN-39,store,5,1450.0,0.0
2026-W09,NAD-LF-TAN-39,ecom,4,1160.0,0.0
2026-W10,NAD-LF-TAN-39,store,5,1450.0,0.0
2026-W10,NAD-LF-TAN-39,ecom,4,1160.0,0.0
2026-W11,NAD-LF-TAN-39,store,4,1160.0,0.0
2026-W11,NAD-LF-TAN-39,ecom,3,870.0,0.0
2026-W12,NAD-LF-TAN-39,store,5,1450.0,0.0
2026-W12,NAD-LF-TAN-39,ecom,4,1160.0,0.0
2026-W13,NAD-LF-TAN-39,store,5,1450.0,0.0
2026-W13,NAD-LF-TAN-39,ecom,3,870.0,0.0
2026-W14,NAD-LF-TAN-39,store,4,1160.0,0.0
2026-W14,NAD-LF-TAN-39,ecom,4,1160.0,0.0
2026-W15,NAD-LF-TAN-39,store,5,1450.0,0.0
2026-W15,NAD-LF-TAN-39,ecom,3,870.0,0.0
2026-W16,NAD-LF-TAN-39,store,5,1450.0,0.0
2026-W16,NAD-LF-TAN-39,ecom,3,870.0,0.0
2026-W17,NAD-LF-TAN-39,store,5,1450.0,0.0
2026-W17,NAD-LF-TAN-39,ecom,3,870.0,0.0
2026-W18,NAD-LF-TAN-39,store,5,1450.0,0.0
2026-W18,NAD-LF-TAN-39,ecom,3,870.0,0.0
2026-W19,NAD-LF-TAN-39,store,4,1160.0,0.0
2026-W19,NAD-LF-TAN-39,ecom,4,1160.0,0.0
2026-W20,NAD-LF-TAN-39,store,5,1450.0,0.0
2026-W20,NAD-LF-TAN-39,ecom,3,870.0,0.0
2026-W21,NAD-LF-TAN-39,store,6,1566.0,0.1
2026-W21,NAD-LF-TAN-39,ecom,4,1044.0,0.1
2026-W22,NAD-LF-TAN-39,store,6,1566.0,0.1
2026-W22,NAD-LF-TAN-39,ecom,4,1044.0,0.1
2026-W23,NAD-LF-TAN-39,store,5,1305.0,0.1
2026-W23,NAD-LF-TAN-39,ecom,4,1044.0,0.1
2026-W24,NAD-LF-TAN-39,store,5,1305.0,0.1
2026-W24,NAD-LF-TAN-39,ecom,4,1044.0,0.1
2026-W25,NAD-LF-TAN-39,store,6,1566.0,0.1
2026-W25,NAD-LF-TAN-39,ecom,5,1305.0,0.1
2026-W26,NAD-LF-TAN-39,store,6,1566.0,0.1
2026-W26,NAD-LF-TAN-39,ecom,4,1044.0,0.1
2026-W27,NAD-LF-TAN-39,store,5,1450.0,0.0
2026-W27,NAD-LF-TAN-39,ecom,3,870.0,0.0
2026-W28,NAD-LF-TAN-39,store,5,1450.0,0.0
2026-W28,NAD-LF-TAN-39,ecom,4,1160.0,0.0
2026-W29,NAD-LF-TAN-39,store,5,1450.0,0.0
2026-W29,NAD-LF-TAN-39,ecom,3,870.0,0.0
2026-W30,NAD-LF-TAN-39,store,5,1450.0,0.0
2026-W30,NAD-LF-TAN-39,ecom,3,870.0,0.0
2026-W31,NAD-LF-TAN-39,store,4,1160.0,0.0
2026-W31,NAD-LF-TAN-39,ecom,4,1160.0,0.0
2026-W06,NAD-LF-TAN-40,store,2,580.0,0.0
2026-W06,NAD-LF-TAN-40,ecom,1,290.0,0.0
2026-W07,NAD-LF-TAN-40,store,2,580.0,0.0
2026-W07,NAD-LF-TAN-40,ecom,1,290.0,0.0
2026-W08,NAD-LF-TAN-40,store,2,580.0,0.0
2026-W08,NAD-LF-TAN-40,ecom,2,580.0,0.0
2026-W09,NAD-LF-TAN-40,store,2,580.0,0.0
2026-W09,NAD-LF-TAN-40,ecom,2,580.0,0.0
2026-W10,NAD-LF-TAN-40,store,2,580.0,0.0
2026-W10,NAD-LF-TAN-40,ecom,2,580.0,0.0
2026-W11,NAD-LF-TAN-40,store,2,580.0,0.0
2026-W11,NAD-LF-TAN-40,ecom,1,290.0,0.0
2026-W12,NAD-LF-TAN-40,store,2,580.0,0.0
2026-W12,NAD-LF-TAN-40,ecom,2,580.0,0.0
2026-W13,NAD-LF-TAN-40,store,2,580.0,0.0
2026-W13,NAD-LF-TAN-40,ecom,2,580.0,0.0
2026-W14,NAD-LF-TAN-40,store,2,580.0,0.0
2026-W14,NAD-LF-TAN-40,ecom,1,290.0,0.0
2026-W15,NAD-LF-TAN-40,store,2,580.0,0.0
2026-W15,NAD-LF-TAN-40,ecom,1,290.0,0.0
2026-W16,NAD-LF-TAN-40,store,2,580.0,0.0
2026-W16,NAD-LF-TAN-40,ecom,2,580.0,0.0
2026-W17,NAD-LF-TAN-40,store,2,580.0,0.0
2026-W17,NAD-LF-TAN-40,ecom,2,580.0,0.0
2026-W18,NAD-LF-TAN-40,store,2,580.0,0.0
2026-W18,NAD-LF-TAN-40,ecom,2,580.0,0.0
2026-W19,NAD-LF-TAN-40,store,2,580.0,0.0
2026-W19,NAD-LF-TAN-40,ecom,2,580.0,0.0
2026-W20,NAD-LF-TAN-40,store,2,580.0,0.0
2026-W20,NAD-LF-TAN-40,ecom,2,580.0,0.0
2026-W21,NAD-LF-TAN-40,store,2,522.0,0.1
2026-W21,NAD-LF-TAN-40,ecom,2,522.0,0.1
2026-W22,NAD-LF-TAN-40,store,2,522.0,0.1
2026-W22,NAD-LF-TAN-40,ecom,2,522.0,0.1
2026-W23,NAD-LF-TAN-40,store,2,522.0,0.1
2026-W23,NAD-LF-TAN-40,ecom,2,522.0,0.1
2026-W24,NAD-LF-TAN-40,store,3,783.0,0.1
2026-W24,NAD-LF-TAN-40,ecom,2,522.0,0.1
2026-W25,NAD-LF-TAN-40,store,2,522.0,0.1
2026-W25,NAD-LF-TAN-40,ecom,2,522.0,0.1
2026-W26,NAD-LF-TAN-40,store,2,522.0,0.1
2026-W26,NAD-LF-TAN-40,ecom,2,522.0,0.1
2026-W27,NAD-LF-TAN-40,store,2,580.0,0.0
2026-W27,NAD-LF-TAN-40,ecom,2,580.0,0.0
2026-W28,NAD-LF-TAN-40,store,2,580.0,0.0
2026-W28,NAD-LF-TAN-40,ecom,2,580.0,0.0
2026-W29,NAD-LF-TAN-40,store,2,580.0,0.0
2026-W29,NAD-LF-TAN-40,ecom,1,290.0,0.0
2026-W30,NAD-LF-TAN-40,store,2,580.0,0.0
2026-W30,NAD-LF-TAN-40,ecom,2,580.0,0.0
2026-W31,NAD-LF-TAN-40,store,2,580.0,0.0
2026-W31,NAD-LF-TAN-40,ecom,2,580.0,0.0
2026-W06,VER-HL-BLK-35,store,3,990.0,0.0
2026-W06,VER-HL-BLK-35,ecom,2,660.0,0.0
2026-W07,VER-HL-BLK-35,store,3,990.0,0.0
2026-W07,VER-HL-BLK-35,ecom,2,660.0,0.0
2026-W08,VER-HL-BLK-35,store,3,990.0,0.0
2026-W08,VER-HL-BLK-35,ecom,3,990.0,0.0
2026-W09,VER-HL-BLK-35,store,3,990.0,0.0
2026-W09,VER-HL-BLK-35,ecom,3,990.0,0.0
2026-W10,VER-HL-BLK-35,store,4,1320.0,0.0
2026-W10,VER-HL-BLK-35,ecom,2,660.0,0.0
2026-W11,VER-HL-BLK-35,store,3,990.0,0.0
2026-W11,VER-HL-BLK-35,ecom,2,660.0,0.0
2026-W12,VER-HL-BLK-35,store,4,1320.0,0.0
2026-W12,VER-HL-BLK-35,ecom,2,660.0,0.0
2026-W13,VER-HL-BLK-35,store,3,990.0,0.0
2026-W13,VER-HL-BLK-35,ecom,3,990.0,0.0
2026-W14,VER-HL-BLK-35,store,3,990.0,0.0
2026-W14,VER-HL-BLK-35,ecom,2,660.0,0.0
2026-W15,VER-HL-BLK-35,store,3,990.0,0.0
2026-W15,VER-HL-BLK-35,ecom,3,990.0,0.0
2026-W16,VER-HL-BLK-35,store,4,1320.0,0.0
2026-W16,VER-HL-BLK-35,ecom,2,660.0,0.0
2026-W17,VER-HL-BLK-35,store,3,990.0,0.0
2026-W17,VER-HL-BLK-35,ecom,3,990.0,0.0
2026-W18,VER-HL-BLK-35,store,3,990.0,0.0
2026-W18,VER-HL-BLK-35,ecom,3,990.0,0.0
2026-W19,VER-HL-BLK-35,store,3,990.0,0.0
2026-W19,VER-HL-BLK-35,ecom,2,660.0,0.0
2026-W20,VER-HL-BLK-35,store,3,990.0,0.0
2026-W20,VER-HL-BLK-35,ecom,2,660.0,0.0
2026-W21,VER-HL-BLK-35,store,4,1188.0,0.1
2026-W21,VER-HL-BLK-35,ecom,3,891.0,0.1
2026-W22,VER-HL-BLK-35,store,4,1188.0,0.1
2026-W22,VER-HL-BLK-35,ecom,3,891.0,0.1
2026-W23,VER-HL-BLK-35,store,4,1188.0,0.1
2026-W23,VER-HL-BLK-35,ecom,2,594.0,0.1
2026-W24,VER-HL-BLK-35,store,4,1188.0,0.1
2026-W24,VER-HL-BLK-35,ecom,3,891.0,0.1
2026-W25,VER-HL-BLK-35,store,4,1188.0,0.1
2026-W25,VER-HL-BLK-35,ecom,3,891.0,0.1
2026-W26,VER-HL-BLK-35,store,3,891.0,0.1
2026-W26,VER-HL-BLK-35,ecom,3,891.0,0.1
2026-W27,VER-HL-BLK-35,store,3,990.0,0.0
2026-W27,VER-HL-BLK-35,ecom,2,660.0,0.0
2026-W28,VER-HL-BLK-35,store,3,990.0,0.0
2026-W28,VER-HL-BLK-35,ecom,2,660.0,0.0
2026-W29,VER-HL-BLK-35,store,4,1320.0,0.0
2026-W29,VER-HL-BLK-35,ecom,2,660.0,0.0
2026-W30,VER-HL-BLK-35,store,3,990.0,0.0
2026-W30,VER-HL-BLK-35,ecom,3,990.0,0.0
2026-W31,VER-HL-BLK-35,store,3,990.0,0.0
2026-W31,VER-HL-BLK-35,ecom,2,660.0,0.0
2026-W06,VER-HL-BLK-36,store,6,1980.0,0.0
2026-W06,VER-HL-BLK-36,ecom,5,1650.0,0.0
2026-W07,VER-HL-BLK-36,store,7,2310.0,0.0
2026-W07,VER-HL-BLK-36,ecom,5,1650.0,0.0
2026-W08,VER-HL-BLK-36,store,7,2310.0,0.0
2026-W08,VER-HL-BLK-36,ecom,6,1980.0,0.0
2026-W09,VER-HL-BLK-36,store,7,2310.0,0.0
2026-W09,VER-HL-BLK-36,ecom,5,1650.0,0.0
2026-W10,VER-HL-BLK-36,store,7,2310.0,0.0
2026-W10,VER-HL-BLK-36,ecom,5,1650.0,0.0
2026-W11,VER-HL-BLK-36,store,7,2310.0,0.0
2026-W11,VER-HL-BLK-36,ecom,6,1980.0,0.0
2026-W12,VER-HL-BLK-36,store,7,2310.0,0.0
2026-W12,VER-HL-BLK-36,ecom,5,1650.0,0.0
2026-W13,VER-HL-BLK-36,store,7,2310.0,0.0
2026-W13,VER-HL-BLK-36,ecom,6,1980.0,0.0
2026-W14,VER-HL-BLK-36,store,7,2310.0,0.0
2026-W14,VER-HL-BLK-36,ecom,4,1320.0,0.0
2026-W15,VER-HL-BLK-36,store,6,1980.0,0.0
2026-W15,VER-HL-BLK-36,ecom,5,1650.0,0.0
2026-W16,VER-HL-BLK-36,store,6,1980.0,0.0
2026-W16,VER-HL-BLK-36,ecom,5,1650.0,0.0
2026-W17,VER-HL-BLK-36,store,7,2310.0,0.0
2026-W17,VER-HL-BLK-36,ecom,4,1320.0,0.0
2026-W18,VER-HL-BLK-36,store,7,2310.0,0.0
2026-W18,VER-HL-BLK-36,ecom,5,1650.0,0.0
2026-W19,VER-HL-BLK-36,store,7,2310.0,0.0
2026-W19,VER-HL-BLK-36,ecom,5,1650.0,0.0
2026-W20,VER-HL-BLK-36,store,7,2310.0,0.0
2026-W20,VER-HL-BLK-36,ecom,6,1980.0,0.0
2026-W21,VER-HL-BLK-36,store,8,2376.0,0.1
2026-W21,VER-HL-BLK-36,ecom,6,1782.0,0.1
2026-W22,VER-HL-BLK-36,store,8,2376.0,0.1
2026-W22,VER-HL-BLK-36,ecom,5,1485.0,0.1
2026-W23,VER-HL-BLK-36,store,8,2376.0,0.1
2026-W23,VER-HL-BLK-36,ecom,6,1782.0,0.1
2026-W24,VER-HL-BLK-36,store,8,2376.0,0.1
2026-W24,VER-HL-BLK-36,ecom,6,1782.0,0.1
2026-W25,VER-HL-BLK-36,store,8,2376.0,0.1
2026-W25,VER-HL-BLK-36,ecom,7,2079.0,0.1
2026-W26,VER-HL-BLK-36,store,8,2376.0,0.1
2026-W26,VER-HL-BLK-36,ecom,5,1485.0,0.1
2026-W27,VER-HL-BLK-36,store,8,2640.0,0.0
2026-W27,VER-HL-BLK-36,ecom,5,1650.0,0.0
2026-W28,VER-HL-BLK-36,store,6,1980.0,0.0
2026-W28,VER-HL-BLK-36,ecom,5,1650.0,0.0
2026-W29,VER-HL-BLK-36,store,8,2640.0,0.0
2026-W29,VER-HL-BLK-36,ecom,5,1650.0,0.0
2026-W30,VER-HL-BLK-36,store,7,2310.0,0.0
2026-W30,VER-HL-BLK-36,ecom,5,1650.0,0.0
2026-W31,VER-HL-BLK-36,store,6,1980.0,0.0
2026-W31,VER-HL-BLK-36,ecom,5,1650.0,0.0
2026-W06,VER-HL-BLK-37,store,7,2310.0,0.0
2026-W06,VER-HL-BLK-37,ecom,6,1980.0,0.0
2026-W07,VER-HL-BLK-37,store,8,2640.0,0.0
2026-W07,VER-HL-BLK-37,ecom,5,1650.0,0.0
2026-W08,VER-HL-BLK-37,store,9,2970.0,0.0
2026-W08,VER-HL-BLK-37,ecom,6,1980.0,0.0
2026-W09,VER-HL-BLK-37,store,8,2640.0,0.0
2026-W09,VER-HL-BLK-37,ecom,6,1980.0,0.0
2026-W10,VER-HL-BLK-37,store,9,2970.0,0.0
2026-W10,VER-HL-BLK-37,ecom,7,2310.0,0.0
2026-W11,VER-HL-BLK-37,store,8,2640.0,0.0
2026-W11,VER-HL-BLK-37,ecom,5,1650.0,0.0
2026-W12,VER-HL-BLK-37,store,9,2970.0,0.0
2026-W12,VER-HL-BLK-37,ecom,6,1980.0,0.0
2026-W13,VER-HL-BLK-37,store,8,2640.0,0.0
2026-W13,VER-HL-BLK-37,ecom,7,2310.0,0.0
2026-W14,VER-HL-BLK-37,store,7,2310.0,0.0
2026-W14,VER-HL-BLK-37,ecom,5,1650.0,0.0
2026-W15,VER-HL-BLK-37,store,7,2310.0,0.0
2026-W15,VER-HL-BLK-37,ecom,5,1650.0,0.0
2026-W16,VER-HL-BLK-37,store,8,2640.0,0.0
2026-W16,VER-HL-BLK-37,ecom,6,1980.0,0.0
2026-W17,VER-HL-BLK-37,store,8,2640.0,0.0
2026-W17,VER-HL-BLK-37,ecom,6,1980.0,0.0
2026-W18,VER-HL-BLK-37,store,8,2640.0,0.0
2026-W18,VER-HL-BLK-37,ecom,5,1650.0,0.0
2026-W19,VER-HL-BLK-37,store,9,2970.0,0.0
2026-W19,VER-HL-BLK-37,ecom,6,1980.0,0.0
2026-W20,VER-HL-BLK-37,store,8,2640.0,0.0
2026-W20,VER-HL-BLK-37,ecom,7,2310.0,0.0
2026-W21,VER-HL-BLK-37,store,10,2970.0,0.1
2026-W21,VER-HL-BLK-37,ecom,7,2079.0,0.1
2026-W22,VER-HL-BLK-37,store,10,2970.0,0.1
2026-W22,VER-HL-BLK-37,ecom,6,1782.0,0.1
2026-W23,VER-HL-BLK-37,store,9,2673.0,0.1
2026-W23,VER-HL-BLK-37,ecom,6,1782.0,0.1
2026-W24,VER-HL-BLK-37,store,9,2673.0,0.1
2026-W24,VER-HL-BLK-37,ecom,6,1782.0,0.1
2026-W25,VER-HL-BLK-37,store,9,2673.0,0.1
2026-W25,VER-HL-BLK-37,ecom,7,2079.0,0.1
2026-W26,VER-HL-BLK-37,store,10,2970.0,0.1
2026-W26,VER-HL-BLK-37,ecom,6,1782.0,0.1
2026-W27,VER-HL-BLK-37,store,7,2310.0,0.0
2026-W27,VER-HL-BLK-37,ecom,6,1980.0,0.0
2026-W28,VER-HL-BLK-37,store,9,2970.0,0.0
2026-W28,VER-HL-BLK-37,ecom,6,1980.0,0.0
2026-W29,VER-HL-BLK-37,store,9,2970.0,0.0
2026-W29,VER-HL-BLK-37,ecom,6,1980.0,0.0
2026-W30,VER-HL-BLK-37,store,7,2310.0,0.0
2026-W30,VER-HL-BLK-37,ecom,5,1650.0,0.0
2026-W31,VER-HL-BLK-37,store,8,2640.0,0.0
2026-W31,VER-HL-BLK-37,ecom,6,1980.0,0.0
2026-W06,VER-HL-BLK-38,store,6,1980.0,0.0
2026-W06,VER-HL-BLK-38,ecom,4,1320.0,0.0
2026-W07,VER-HL-BLK-38,store,6,1980.0,0.0
2026-W07,VER-HL-BLK-38,ecom,4,1320.0,0.0
2026-W08,VER-HL-BLK-38,store,6,1980.0,0.0
2026-W08,VER-HL-BLK-38,ecom,5,1650.0,0.0
2026-W09,VER-HL-BLK-38,store,7,2310.0,0.0
2026-W09,VER-HL-BLK-38,ecom,5,1650.0,0.0
2026-W10,VER-HL-BLK-38,store,6,1980.0,0.0
2026-W10,VER-HL-BLK-38,ecom,5,1650.0,0.0
2026-W11,VER-HL-BLK-38,store,7,2310.0,0.0
2026-W11,VER-HL-BLK-38,ecom,4,1320.0,0.0
2026-W12,VER-HL-BLK-38,store,7,2310.0,0.0
2026-W12,VER-HL-BLK-38,ecom,5,1650.0,0.0
2026-W13,VER-HL-BLK-38,store,7,2310.0,0.0
2026-W13,VER-HL-BLK-38,ecom,4,1320.0,0.0
2026-W14,VER-HL-BLK-38,store,6,1980.0,0.0
2026-W14,VER-HL-BLK-38,ecom,5,1650.0,0.0
2026-W15,VER-HL-BLK-38,store,6,1980.0,0.0
2026-W15,VER-HL-BLK-38,ecom,5,1650.0,0.0
2026-W16,VER-HL-BLK-38,store,6,1980.0,0.0
2026-W16,VER-HL-BLK-38,ecom,5,1650.0,0.0
2026-W17,VER-HL-BLK-38,store,6,1980.0,0.0
2026-W17,VER-HL-BLK-38,ecom,5,1650.0,0.0
2026-W18,VER-HL-BLK-38,store,6,1980.0,0.0
2026-W18,VER-HL-BLK-38,ecom,5,1650.0,0.0
2026-W19,VER-HL-BLK-38,store,6,1980.0,0.0
2026-W19,VER-HL-BLK-38,ecom,4,1320.0,0.0
2026-W20,VER-HL-BLK-38,store,6,1980.0,0.0
2026-W20,VER-HL-BLK-38,ecom,4,1320.0,0.0
2026-W21,VER-HL-BLK-38,store,7,2079.0,0.1
2026-W21,VER-HL-BLK-38,ecom,5,1485.0,0.1
2026-W22,VER-HL-BLK-38,store,6,1782.0,0.1
2026-W22,VER-HL-BLK-38,ecom,5,1485.0,0.1
2026-W23,VER-HL-BLK-38,store,7,2079.0,0.1
2026-W23,VER-HL-BLK-38,ecom,5,1485.0,0.1
2026-W24,VER-HL-BLK-38,store,7,2079.0,0.1
2026-W24,VER-HL-BLK-38,ecom,6,1782.0,0.1
2026-W25,VER-HL-BLK-38,store,7,2079.0,0.1
2026-W25,VER-HL-BLK-38,ecom,6,1782.0,0.1
2026-W26,VER-HL-BLK-38,store,6,1782.0,0.1
2026-W26,VER-HL-BLK-38,ecom,5,1485.0,0.1
2026-W27,VER-HL-BLK-38,store,6,1980.0,0.0
2026-W27,VER-HL-BLK-38,ecom,4,1320.0,0.0
2026-W28,VER-HL-BLK-38,store,6,1980.0,0.0
2026-W28,VER-HL-BLK-38,ecom,4,1320.0,0.0
2026-W29,VER-HL-BLK-38,store,6,1980.0,0.0
2026-W29,VER-HL-BLK-38,ecom,5,1650.0,0.0
2026-W30,VER-HL-BLK-38,store,6,1980.0,0.0
2026-W30,VER-HL-BLK-38,ecom,5,1650.0,0.0
2026-W31,VER-HL-BLK-38,store,6,1980.0,0.0
2026-W31,VER-HL-BLK-38,ecom,5,1650.0,0.0
2026-W06,VER-HL-BLK-39,store,4,1320.0,0.0
2026-W06,VER-HL-BLK-39,ecom,3,990.0,0.0
2026-W07,VER-HL-BLK-39,store,4,1320.0,0.0
2026-W07,VER-HL-BLK-39,ecom,3,990.0,0.0
2026-W08,VER-HL-BLK-39,store,4,1320.0,0.0
2026-W08,VER-HL-BLK-39,ecom,3,990.0,0.0
2026-W09,VER-HL-BLK-39,store,4,1320.0,0.0
2026-W09,VER-HL-BLK-39,ecom,3,990.0,0.0
2026-W10,VER-HL-BLK-39,store,4,1320.0,0.0
2026-W10,VER-HL-BLK-39,ecom,3,990.0,0.0
2026-W11,VER-HL-BLK-39,store,4,1320.0,0.0
2026-W11,VER-HL-BLK-39,ecom,3,990.0,0.0
2026-W12,VER-HL-BLK-39,store,4,1320.0,0.0
2026-W12,VER-HL-BLK-39,ecom,3,990.0,0.0
2026-W13,VER-HL-BLK-39,store,4,1320.0,0.0
2026-W13,VER-HL-BLK-39,ecom,3,990.0,0.0
2026-W14,VER-HL-BLK-39,store,4,1320.0,0.0
2026-W14,VER-HL-BLK-39,ecom,2,660.0,0.0
2026-W15,VER-HL-BLK-39,store,4,1320.0,0.0
2026-W15,VER-HL-BLK-39,ecom,3,990.0,0.0
2026-W16,VER-HL-BLK-39,store,4,1320.0,0.0
2026-W16,VER-HL-BLK-39,ecom,3,990.0,0.0
2026-W17,VER-HL-BLK-39,store,3,990.0,0.0
2026-W17,VER-HL-BLK-39,ecom,3,990.0,0.0
2026-W18,VER-HL-BLK-39,store,3,990.0,0.0
2026-W18,VER-HL-BLK-39,ecom,3,990.0,0.0
2026-W19,VER-HL-BLK-39,store,4,1320.0,0.0
2026-W19,VER-HL-BLK-39,ecom,3,990.0,0.0
2026-W20,VER-HL-BLK-39,store,3,990.0,0.0
2026-W20,VER-HL-BLK-39,ecom,3,990.0,0.0
2026-W21,VER-HL-BLK-39,store,5,1485.0,0.1
2026-W21,VER-HL-BLK-39,ecom,3,891.0,0.1
2026-W22,VER-HL-BLK-39,store,4,1188.0,0.1
2026-W22,VER-HL-BLK-39,ecom,4,1188.0,0.1
2026-W23,VER-HL-BLK-39,store,5,1485.0,0.1
2026-W23,VER-HL-BLK-39,ecom,3,891.0,0.1
2026-W24,VER-HL-BLK-39,store,5,1485.0,0.1
2026-W24,VER-HL-BLK-39,ecom,3,891.0,0.1
2026-W25,VER-HL-BLK-39,store,5,1485.0,0.1
2026-W25,VER-HL-BLK-39,ecom,3,891.0,0.1
2026-W26,VER-HL-BLK-39,store,4,1188.0,0.1
2026-W26,VER-HL-BLK-39,ecom,3,891.0,0.1
2026-W27,VER-HL-BLK-39,store,4,1320.0,0.0
2026-W27,VER-HL-BLK-39,ecom,3,990.0,0.0
2026-W28,VER-HL-BLK-39,store,4,1320.0,0.0
2026-W28,VER-HL-BLK-39,ecom,3,990.0,0.0
2026-W29,VER-HL-BLK-39,store,4,1320.0,0.0
2026-W29,VER-HL-BLK-39,ecom,3,990.0,0.0
2026-W30,VER-HL-BLK-39,store,3,990.0,0.0
2026-W30,VER-HL-BLK-39,ecom,3,990.0,0.0
2026-W31,VER-HL-BLK-39,store,4,1320.0,0.0
2026-W31,VER-HL-BLK-39,ecom,3,990.0,0.0
2026-W06,VER-HL-BLK-40,store,2,660.0,0.0
2026-W06,VER-HL-BLK-40,ecom,1,330.0,0.0
2026-W07,VER-HL-BLK-40,store,1,330.0,0.0
2026-W07,VER-HL-BLK-40,ecom,1,330.0,0.0
2026-W08,VER-HL-BLK-40,store,2,660.0,0.0
2026-W08,VER-HL-BLK-40,ecom,1,330.0,0.0
2026-W09,VER-HL-BLK-40,store,2,660.0,0.0
2026-W09,VER-HL-BLK-40,ecom,1,330.0,0.0
2026-W10,VER-HL-BLK-40,store,2,660.0,0.0
2026-W10,VER-HL-BLK-40,ecom,1,330.0,0.0
2026-W11,VER-HL-BLK-40,store,1,330.0,0.0
2026-W11,VER-HL-BLK-40,ecom,1,330.0,0.0
2026-W12,VER-HL-BLK-40,store,1,330.0,0.0
2026-W12,VER-HL-BLK-40,ecom,1,330.0,0.0
2026-W13,VER-HL-BLK-40,store,1,330.0,0.0
2026-W13,VER-HL-BLK-40,ecom,1,330.0,0.0
2026-W14,VER-HL-BLK-40,store,1,330.0,0.0
2026-W14,VER-HL-BLK-40,ecom,1,330.0,0.0
2026-W15,VER-HL-BLK-40,store,2,660.0,0.0
2026-W15,VER-HL-BLK-40,ecom,1,330.0,0.0
2026-W16,VER-HL-BLK-40,store,2,660.0,0.0
2026-W16,VER-HL-BLK-40,ecom,1,330.0,0.0
2026-W17,VER-HL-BLK-40,store,2,660.0,0.0
2026-W17,VER-HL-BLK-40,ecom,1,330.0,0.0
2026-W18,VER-HL-BLK-40,store,2,660.0,0.0
2026-W18,VER-HL-BLK-40,ecom,1,330.0,0.0
2026-W19,VER-HL-BLK-40,store,2,660.0,0.0
2026-W19,VER-HL-BLK-40,ecom,1,330.0,0.0
2026-W20,VER-HL-BLK-40,store,2,660.0,0.0
2026-W20,VER-HL-BLK-40,ecom,1,330.0,0.0
2026-W21,VER-HL-BLK-40,store,2,594.0,0.1
2026-W21,VER-HL-BLK-40,ecom,1,297.0,0.1
2026-W22,VER-HL-BLK-40,store,2,594.0,0.1
2026-W22,VER-HL-BLK-40,ecom,1,297.0,0.1
2026-W23,VER-HL-BLK-40,store,2,594.0,0.1
2026-W23,VER-HL-BLK-40,ecom,1,297.0,0.1
2026-W24,VER-HL-BLK-40,store,2,594.0,0.1
2026-W24,VER-HL-BLK-40,ecom,1,297.0,0.1
2026-W25,VER-HL-BLK-40,store,2,594.0,0.1
2026-W25,VER-HL-BLK-40,ecom,1,297.0,0.1
2026-W26,VER-HL-BLK-40,store,2,594.0,0.1
2026-W26,VER-HL-BLK-40,ecom,1,297.0,0.1
2026-W27,VER-HL-BLK-40,store,1,330.0,0.0
2026-W27,VER-HL-BLK-40,ecom,1,330.0,0.0
2026-W28,VER-HL-BLK-40,store,1,330.0,0.0
2026-W28,VER-HL-BLK-40,ecom,1,330.0,0.0
2026-W29,VER-HL-BLK-40,store,2,660.0,0.0
2026-W29,VER-HL-BLK-40,ecom,1,330.0,0.0
2026-W30,VER-HL-BLK-40,store,2,660.0,0.0
2026-W30,VER-HL-BLK-40,ecom,1,330.0,0.0
2026-W31,VER-HL-BLK-40,store,2,660.0,0.0
2026-W31,VER-HL-BLK-40,ecom,1,330.0,0.0
2026-W06,VER-HL-RED-35,store,2,660.0,0.0
2026-W06,VER-HL-RED-35,ecom,1,330.0,0.0
2026-W07,VER-HL-RED-35,store,2,660.0,0.0
2026-W07,VER-HL-RED-35,ecom,1,330.0,0.0
2026-W08,VER-HL-RED-35,store,2,660.0,0.0
2026-W08,VER-HL-RED-35,ecom,1,330.0,0.0
2026-W09,VER-HL-RED-35,store,2,660.0,0.0
2026-W09,VER-HL-RED-35,ecom,1,330.0,0.0
2026-W10,VER-HL-RED-35,store,2,660.0,0.0
2026-W10,VER-HL-RED-35,ecom,1,330.0,0.0
2026-W11,VER-HL-RED-35,store,2,660.0,0.0
2026-W11,VER-HL-RED-35,ecom,1,330.0,0.0
2026-W12,VER-HL-RED-35,store,2,660.0,0.0
2026-W12,VER-HL-RED-35,ecom,1,330.0,0.0
2026-W13,VER-HL-RED-35,store,2,660.0,0.0
2026-W13,VER-HL-RED-35,ecom,1,330.0,0.0
2026-W14,VER-HL-RED-35,store,2,660.0,0.0
2026-W14,VER-HL-RED-35,ecom,1,330.0,0.0
2026-W15,VER-HL-RED-35,store,2,660.0,0.0
2026-W15,VER-HL-RED-35,ecom,1,330.0,0.0
2026-W16,VER-HL-RED-35,store,2,660.0,0.0
2026-W16,VER-HL-RED-35,ecom,1,330.0,0.0
2026-W17,VER-HL-RED-35,store,2,660.0,0.0
2026-W17,VER-HL-RED-35,ecom,1,330.0,0.0
2026-W18,VER-HL-RED-35,store,2,660.0,0.0
2026-W18,VER-HL-RED-35,ecom,1,330.0,0.0
2026-W19,VER-HL-RED-35,store,2,660.0,0.0
2026-W19,VER-HL-RED-35,ecom,1,330.0,0.0
2026-W20,VER-HL-RED-35,store,2,660.0,0.0
2026-W20,VER-HL-RED-35,ecom,1,330.0,0.0
2026-W21,VER-HL-RED-35,store,2,594.0,0.1
2026-W21,VER-HL-RED-35,ecom,1,297.0,0.1
2026-W22,VER-HL-RED-35,store,2,594.0,0.1
2026-W22,VER-HL-RED-35,ecom,1,297.0,0.1
2026-W23,VER-HL-RED-35,store,2,594.0,0.1
2026-W23,VER-HL-RED-35,ecom,1,297.0,0.1
2026-W24,VER-HL-RED-35,store,2,594.0,0.1
2026-W24,VER-HL-RED-35,ecom,1,297.0,0.1
2026-W25,VER-HL-RED-35,store,2,594.0,0.1
2026-W25,VER-HL-RED-35,ecom,1,297.0,0.1
2026-W26,VER-HL-RED-35,store,2,594.0,0.1
2026-W26,VER-HL-RED-35,ecom,1,297.0,0.1
2026-W27,VER-HL-RED-35,store,1,330.0,0.0
2026-W27,VER-HL-RED-35,ecom,1,330.0,0.0
2026-W28,VER-HL-RED-35,store,2,660.0,0.0
2026-W28,VER-HL-RED-35,ecom,1,330.0,0.0
2026-W29,VER-HL-RED-35,store,2,660.0,0.0
2026-W29,VER-HL-RED-35,ecom,1,330.0,0.0
2026-W30,VER-HL-RED-35,store,2,660.0,0.0
2026-W30,VER-HL-RED-35,ecom,1,330.0,0.0
2026-W31,VER-HL-RED-35,store,2,660.0,0.0
2026-W31,VER-HL-RED-35,ecom,1,330.0,0.0
2026-W06,VER-HL-RED-36,store,3,990.0,0.0
2026-W06,VER-HL-RED-36,ecom,3,990.0,0.0
2026-W07,VER-HL-RED-36,store,3,990.0,0.0
2026-W07,VER-HL-RED-36,ecom,2,660.0,0.0
2026-W08,VER-HL-RED-36,store,4,1320.0,0.0
2026-W08,VER-HL-RED-36,ecom,2,660.0,0.0
2026-W09,VER-HL-RED-36,store,4,1320.0,0.0
2026-W09,VER-HL-RED-36,ecom,2,660.0,0.0
2026-W10,VER-HL-RED-36,store,3,990.0,0.0
2026-W10,VER-HL-RED-36,ecom,3,990.0,0.0
2026-W11,VER-HL-RED-36,store,3,990.0,0.0
2026-W11,VER-HL-RED-36,ecom,3,990.0,0.0
2026-W12,VER-HL-RED-36,store,4,1320.0,0.0
2026-W12,VER-HL-RED-36,ecom,2,660.0,0.0
2026-W13,VER-HL-RED-36,store,4,1320.0,0.0
2026-W13,VER-HL-RED-36,ecom,2,660.0,0.0
2026-W14,VER-HL-RED-36,store,4,1320.0,0.0
2026-W14,VER-HL-RED-36,ecom,2,660.0,0.0
2026-W15,VER-HL-RED-36,store,3,990.0,0.0
2026-W15,VER-HL-RED-36,ecom,2,660.0,0.0
2026-W16,VER-HL-RED-36,store,3,990.0,0.0
2026-W16,VER-HL-RED-36,ecom,2,660.0,0.0
2026-W17,VER-HL-RED-36,store,3,990.0,0.0
2026-W17,VER-HL-RED-36,ecom,2,660.0,0.0
2026-W18,VER-HL-RED-36,store,3,990.0,0.0
2026-W18,VER-HL-RED-36,ecom,2,660.0,0.0
2026-W19,VER-HL-RED-36,store,3,990.0,0.0
2026-W19,VER-HL-RED-36,ecom,3,990.0,0.0
2026-W20,VER-HL-RED-36,store,3,990.0,0.0
2026-W20,VER-HL-RED-36,ecom,2,660.0,0.0
2026-W21,VER-HL-RED-36,store,3,891.0,0.1
2026-W21,VER-HL-RED-36,ecom,3,891.0,0.1
2026-W22,VER-HL-RED-36,store,4,1188.0,0.1
2026-W22,VER-HL-RED-36,ecom,2,594.0,0.1
2026-W23,VER-HL-RED-36,store,4,1188.0,0.1
2026-W23,VER-HL-RED-36,ecom,2,594.0,0.1
2026-W24,VER-HL-RED-36,store,4,1188.0,0.1
2026-W24,VER-HL-RED-36,ecom,3,891.0,0.1
2026-W25,VER-HL-RED-36,store,4,1188.0,0.1
2026-W25,VER-HL-RED-36,ecom,3,891.0,0.1
2026-W26,VER-HL-RED-36,store,4,1188.0,0.1
2026-W26,VER-HL-RED-36,ecom,2,594.0,0.1
2026-W27,VER-HL-RED-36,store,3,990.0,0.0
2026-W27,VER-HL-RED-36,ecom,2,660.0,0.0
2026-W28,VER-HL-RED-36,store,4,1320.0,0.0
2026-W28,VER-HL-RED-36,ecom,2,660.0,0.0
2026-W29,VER-HL-RED-36,store,4,1320.0,0.0
2026-W29,VER-HL-RED-36,ecom,2,660.0,0.0
2026-W30,VER-HL-RED-36,store,3,990.0,0.0
2026-W30,VER-HL-RED-36,ecom,3,990.0,0.0
2026-W31,VER-HL-RED-36,store,4,1320.0,0.0
2026-W31,VER-HL-RED-36,ecom,2,660.0,0.0
2026-W06,VER-HL-RED-37,store,4,1320.0,0.0
2026-W06,VER-HL-RED-37,ecom,3,990.0,0.0
2026-W07,VER-HL-RED-37,store,4,1320.0,0.0
2026-W07,VER-HL-RED-37,ecom,2,660.0,0.0
2026-W08,VER-HL-RED-37,store,4,1320.0,0.0
2026-W08,VER-HL-RED-37,ecom,3,990.0,0.0
2026-W09,VER-HL-RED-37,store,4,1320.0,0.0
2026-W09,VER-HL-RED-37,ecom,3,990.0,0.0
2026-W10,VER-HL-RED-37,store,4,1320.0,0.0
2026-W10,VER-HL-RED-37,ecom,3,990.0,0.0
2026-W11,VER-HL-RED-37,store,4,1320.0,0.0
2026-W11,VER-HL-RED-37,ecom,3,990.0,0.0
2026-W12,VER-HL-RED-37,store,4,1320.0,0.0
2026-W12,VER-HL-RED-37,ecom,3,990.0,0.0
2026-W13,VER-HL-RED-37,store,4,1320.0,0.0
2026-W13,VER-HL-RED-37,ecom,3,990.0,0.0
2026-W14,VER-HL-RED-37,store,4,1320.0,0.0
2026-W14,VER-HL-RED-37,ecom,3,990.0,0.0
2026-W15,VER-HL-RED-37,store,3,990.0,0.0
2026-W15,VER-HL-RED-37,ecom,3,990.0,0.0
2026-W16,VER-HL-RED-37,store,4,1320.0,0.0
2026-W16,VER-HL-RED-37,ecom,3,990.0,0.0
2026-W17,VER-HL-RED-37,store,4,1320.0,0.0
2026-W17,VER-HL-RED-37,ecom,3,990.0,0.0
2026-W18,VER-HL-RED-37,store,4,1320.0,0.0
2026-W18,VER-HL-RED-37,ecom,2,660.0,0.0
2026-W19,VER-HL-RED-37,store,3,990.0,0.0
2026-W19,VER-HL-RED-37,ecom,3,990.0,0.0
2026-W20,VER-HL-RED-37,store,4,1320.0,0.0
2026-W20,VER-HL-RED-37,ecom,3,990.0,0.0
2026-W21,VER-HL-RED-37,store,4,1188.0,0.1
2026-W21,VER-HL-RED-37,ecom,4,1188.0,0.1
2026-W22,VER-HL-RED-37,store,4,1188.0,0.1
2026-W22,VER-HL-RED-37,ecom,3,891.0,0.1
2026-W23,VER-HL-RED-37,store,5,1485.0,0.1
2026-W23,VER-HL-RED-37,ecom,3,891.0,0.1
2026-W24,VER-HL-RED-37,store,5,1485.0,0.1
2026-W24,VER-HL-RED-37,ecom,3,891.0,0.1
2026-W25,VER-HL-RED-37,store,4,1188.0,0.1
2026-W25,VER-HL-RED-37,ecom,3,891.0,0.1
2026-W26,VER-HL-RED-37,store,5,1485.0,0.1
2026-W26,VER-HL-RED-37,ecom,3,891.0,0.1
2026-W27,VER-HL-RED-37,store,4,1320.0,0.0
2026-W27,VER-HL-RED-37,ecom,2,660.0,0.0
2026-W28,VER-HL-RED-37,store,4,1320.0,0.0
2026-W28,VER-HL-RED-37,ecom,3,990.0,0.0
2026-W29,VER-HL-RED-37,store,4,1320.0,0.0
2026-W29,VER-HL-RED-37,ecom,3,990.0,0.0
2026-W30,VER-HL-RED-37,store,4,1320.0,0.0
2026-W30,VER-HL-RED-37,ecom,3,990.0,0.0
2026-W31,VER-HL-RED-37,store,3,990.0,0.0
2026-W31,VER-HL-RED-37,ecom,3,990.0,0.0
2026-W06,VER-HL-RED-38,store,3,990.0,0.0
2026-W06,VER-HL-RED-38,ecom,2,660.0,0.0
2026-W07,VER-HL-RED-38,store,3,990.0,0.0
2026-W07,VER-HL-RED-38,ecom,2,660.0,0.0
2026-W08,VER-HL-RED-38,store,3,990.0,0.0
2026-W08,VER-HL-RED-38,ecom,2,660.0,0.0
2026-W09,VER-HL-RED-38,store,4,1320.0,0.0
2026-W09,VER-HL-RED-38,ecom,2,660.0,0.0
2026-W10,VER-HL-RED-38,store,3,990.0,0.0
2026-W10,VER-HL-RED-38,ecom,2,660.0,0.0
2026-W11,VER-HL-RED-38,store,3,990.0,0.0
2026-W11,VER-HL-RED-38,ecom,2,660.0,0.0
2026-W12,VER-HL-RED-38,store,4,1320.0,0.0
2026-W12,VER-HL-RED-38,ecom,2,660.0,0.0
2026-W13,VER-HL-RED-38,store,3,990.0,0.0
2026-W13,VER-HL-RED-38,ecom,2,660.0,0.0
2026-W14,VER-HL-RED-38,store,3,990.0,0.0
2026-W14,VER-HL-RED-38,ecom,2,660.0,0.0
2026-W15,VER-HL-RED-38,store,3,990.0,0.0
2026-W15,VER-HL-RED-38,ecom,2,660.0,0.0
2026-W16,VER-HL-RED-38,store,3,990.0,0.0
2026-W16,VER-HL-RED-38,ecom,3,990.0,0.0
2026-W17,VER-HL-RED-38,store,3,990.0,0.0
2026-W17,VER-HL-RED-38,ecom,2,660.0,0.0
2026-W18,VER-HL-RED-38,store,3,990.0,0.0
2026-W18,VER-HL-RED-38,ecom,2,660.0,0.0
2026-W19,VER-HL-RED-38,store,3,990.0,0.0
2026-W19,VER-HL-RED-38,ecom,2,660.0,0.0
2026-W20,VER-HL-RED-38,store,3,990.0,0.0
2026-W20,VER-HL-RED-38,ecom,3,990.0,0.0
2026-W21,VER-HL-RED-38,store,4,1188.0,0.1
2026-W21,VER-HL-RED-38,ecom,2,594.0,0.1
2026-W22,VER-HL-RED-38,store,3,891.0,0.1
2026-W22,VER-HL-RED-38,ecom,2,594.0,0.1
2026-W23,VER-HL-RED-38,store,3,891.0,0.1
2026-W23,VER-HL-RED-38,ecom,2,594.0,0.1
2026-W24,VER-HL-RED-38,store,4,1188.0,0.1
2026-W24,VER-HL-RED-38,ecom,2,594.0,0.1
2026-W25,VER-HL-RED-38,store,3,891.0,0.1
2026-W25,VER-HL-RED-38,ecom,3,891.0,0.1
2026-W26,VER-HL-RED-38,store,3,891.0,0.1
2026-W26,VER-HL-RED-38,ecom,2,594.0,0.1
2026-W27,VER-HL-RED-38,store,3,990.0,0.0
2026-W27,VER-HL-RED-38,ecom,2,660.0,0.0
2026-W28,VER-HL-RED-38,store,3,990.0,0.0
2026-W28,VER-HL-RED-38,ecom,2,660.0,0.0
2026-W29,VER-HL-RED-38,store,3,990.0,0.0
2026-W29,VER-HL-RED-38,ecom,3,990.0,0.0
2026-W30,VER-HL-RED-38,store,3,990.0,0.0
2026-W30,VER-HL-RED-38,ecom,2,660.0,0.0
2026-W31,VER-HL-RED-38,store,3,990.0,0.0
2026-W31,VER-HL-RED-38,ecom,2,660.0,0.0
2026-W06,VER-HL-RED-39,store,2,660.0,0.0
2026-W06,VER-HL-RED-39,ecom,1,330.0,0.0
2026-W07,VER-HL-RED-39,store,2,660.0,0.0
2026-W07,VER-HL-RED-39,ecom,1,330.0,0.0
2026-W08,VER-HL-RED-39,store,2,660.0,0.0
2026-W08,VER-HL-RED-39,ecom,2,660.0,0.0
2026-W09,VER-HL-RED-39,store,2,660.0,0.0
2026-W09,VER-HL-RED-39,ecom,2,660.0,0.0
2026-W10,VER-HL-RED-39,store,2,660.0,0.0
2026-W10,VER-HL-RED-39,ecom,1,330.0,0.0
2026-W11,VER-HL-RED-39,store,2,660.0,0.0
2026-W11,VER-HL-RED-39,ecom,1,330.0,0.0
2026-W12,VER-HL-RED-39,store,2,660.0,0.0
2026-W12,VER-HL-RED-39,ecom,2,660.0,0.0
2026-W13,VER-HL-RED-39,store,2,660.0,0.0
2026-W13,VER-HL-RED-39,ecom,1,330.0,0.0
2026-W14,VER-HL-RED-39,store,2,660.0,0.0
2026-W14,VER-HL-RED-39,ecom,1,330.0,0.0
2026-W15,VER-HL-RED-39,store,2,660.0,0.0
2026-W15,VER-HL-RED-39,ecom,1,330.0,0.0
2026-W16,VER-HL-RED-39,store,2,660.0,0.0
2026-W16,VER-HL-RED-39,ecom,2,660.0,0.0
2026-W17,VER-HL-RED-39,store,2,660.0,0.0
2026-W17,VER-HL-RED-39,ecom,1,330.0,0.0
2026-W18,VER-HL-RED-39,store,2,660.0,0.0
2026-W18,VER-HL-RED-39,ecom,1,330.0,0.0
2026-W19,VER-HL-RED-39,store,2,660.0,0.0
2026-W19,VER-HL-RED-39,ecom,1,330.0,0.0
2026-W20,VER-HL-RED-39,store,2,660.0,0.0
2026-W20,VER-HL-RED-39,ecom,1,330.0,0.0
2026-W21,VER-HL-RED-39,store,2,594.0,0.1
2026-W21,VER-HL-RED-39,ecom,1,297.0,0.1
2026-W22,VER-HL-RED-39,store,2,594.0,0.1
2026-W22,VER-HL-RED-39,ecom,2,594.0,0.1
2026-W23,VER-HL-RED-39,store,2,594.0,0.1
2026-W23,VER-HL-RED-39,ecom,1,297.0,0.1
2026-W24,VER-HL-RED-39,store,2,594.0,0.1
2026-W24,VER-HL-RED-39,ecom,2,594.0,0.1
2026-W25,VER-HL-RED-39,store,2,594.0,0.1
2026-W25,VER-HL-RED-39,ecom,2,594.0,0.1
2026-W26,VER-HL-RED-39,store,2,594.0,0.1
2026-W26,VER-HL-RED-39,ecom,2,594.0,0.1
2026-W27,VER-HL-RED-39,store,2,660.0,0.0
2026-W27,VER-HL-RED-39,ecom,1,330.0,0.0
2026-W28,VER-HL-RED-39,store,2,660.0,0.0
2026-W28,VER-HL-RED-39,ecom,1,330.0,0.0
2026-W29,VER-HL-RED-39,store,2,660.0,0.0
2026-W29,VER-HL-RED-39,ecom,1,330.0,0.0
2026-W30,VER-HL-RED-39,store,2,660.0,0.0
2026-W30,VER-HL-RED-39,ecom,1,330.0,0.0
2026-W31,VER-HL-RED-39,store,2,660.0,0.0
2026-W31,VER-HL-RED-39,ecom,1,330.0,0.0
2026-W06,VER-HL-RED-40,store,1,330.0,0.0
2026-W06,VER-HL-RED-40,ecom,1,330.0,0.0
2026-W07,VER-HL-RED-40,store,1,330.0,0.0
2026-W07,VER-HL-RED-40,ecom,1,330.0,0.0
2026-W08,VER-HL-RED-40,store,1,330.0,0.0
2026-W08,VER-HL-RED-40,ecom,1,330.0,0.0
2026-W09,VER-HL-RED-40,store,1,330.0,0.0
2026-W09,VER-HL-RED-40,ecom,1,330.0,0.0
2026-W10,VER-HL-RED-40,store,1,330.0,0.0
2026-W10,VER-HL-RED-40,ecom,1,330.0,0.0
2026-W11,VER-HL-RED-40,store,1,330.0,0.0
2026-W11,VER-HL-RED-40,ecom,1,330.0,0.0
2026-W12,VER-HL-RED-40,store,1,330.0,0.0
2026-W12,VER-HL-RED-40,ecom,1,330.0,0.0
2026-W13,VER-HL-RED-40,store,1,330.0,0.0
2026-W13,VER-HL-RED-40,ecom,1,330.0,0.0
2026-W14,VER-HL-RED-40,store,1,330.0,0.0
2026-W14,VER-HL-RED-40,ecom,1,330.0,0.0
2026-W15,VER-HL-RED-40,store,1,330.0,0.0
2026-W15,VER-HL-RED-40,ecom,1,330.0,0.0
2026-W16,VER-HL-RED-40,store,1,330.0,0.0
2026-W16,VER-HL-RED-40,ecom,1,330.0,0.0
2026-W17,VER-HL-RED-40,store,1,330.0,0.0
2026-W17,VER-HL-RED-40,ecom,1,330.0,0.0
2026-W18,VER-HL-RED-40,store,1,330.0,0.0
2026-W18,VER-HL-RED-40,ecom,1,330.0,0.0
2026-W19,VER-HL-RED-40,store,1,330.0,0.0
2026-W19,VER-HL-RED-40,ecom,1,330.0,0.0
2026-W20,VER-HL-RED-40,store,1,330.0,0.0
2026-W20,VER-HL-RED-40,ecom,1,330.0,0.0
2026-W21,VER-HL-RED-40,store,1,297.0,0.1
2026-W21,VER-HL-RED-40,ecom,1,297.0,0.1
2026-W22,VER-HL-RED-40,store,1,297.0,0.1
2026-W22,VER-HL-RED-40,ecom,1,297.0,0.1
2026-W23,VER-HL-RED-40,store,1,297.0,0.1
2026-W23,VER-HL-RED-40,ecom,1,297.0,0.1
2026-W24,VER-HL-RED-40,store,1,297.0,0.1
2026-W24,VER-HL-RED-40,ecom,1,297.0,0.1
2026-W25,VER-HL-RED-40,store,1,297.0,0.1
2026-W25,VER-HL-RED-40,ecom,1,297.0,0.1
2026-W26,VER-HL-RED-40,store,1,297.0,0.1
2026-W26,VER-HL-RED-40,ecom,1,297.0,0.1
2026-W27,VER-HL-RED-40,store,1,330.0,0.0
2026-W27,VER-HL-RED-40,ecom,1,330.0,0.0
2026-W28,VER-HL-RED-40,store,1,330.0,0.0
2026-W28,VER-HL-RED-40,ecom,1,330.0,0.0
2026-W29,VER-HL-RED-40,store,1,330.0,0.0
2026-W29,VER-HL-RED-40,ecom,1,330.0,0.0
2026-W30,VER-HL-RED-40,store,1,330.0,0.0
2026-W30,VER-HL-RED-40,ecom,1,330.0,0.0
2026-W31,VER-HL-RED-40,store,1,330.0,0.0
2026-W31,VER-HL-RED-40,ecom,1,330.0,0.0
2026-W06,CLE-SD-TAN-35,store,5,1050.0,0.0
2026-W06,CLE-SD-TAN-35,ecom,4,840.0,0.0
2026-W07,CLE-SD-TAN-35,store,5,1050.0,0.0
2026-W07,CLE-SD-TAN-35,ecom,3,630.0,0.0
2026-W08,CLE-SD-TAN-35,store,4,840.0,0.0
2026-W08,CLE-SD-TAN-35,ecom,4,840.0,0.0
2026-W09,CLE-SD-TAN-35,store,6,1260.0,0.0
2026-W09,CLE-SD-TAN-35,ecom,4,840.0,0.0
2026-W10,CLE-SD-TAN-35,store,5,1050.0,0.0
2026-W10,CLE-SD-TAN-35,ecom,3,630.0,0.0
2026-W11,CLE-SD-TAN-35,store,5,1050.0,0.0
2026-W11,CLE-SD-TAN-35,ecom,3,630.0,0.0
2026-W12,CLE-SD-TAN-35,store,5,1050.0,0.0
2026-W12,CLE-SD-TAN-35,ecom,4,840.0,0.0
2026-W13,CLE-SD-TAN-35,store,5,1050.0,0.0
2026-W13,CLE-SD-TAN-35,ecom,3,630.0,0.0
2026-W14,CLE-SD-TAN-35,store,4,840.0,0.0
2026-W14,CLE-SD-TAN-35,ecom,3,630.0,0.0
2026-W15,CLE-SD-TAN-35,store,4,840.0,0.0
2026-W15,CLE-SD-TAN-35,ecom,4,840.0,0.0
2026-W16,CLE-SD-TAN-35,store,5,1050.0,0.0
2026-W16,CLE-SD-TAN-35,ecom,3,630.0,0.0
2026-W17,CLE-SD-TAN-35,store,5,1050.0,0.0
2026-W17,CLE-SD-TAN-35,ecom,4,840.0,0.0
2026-W18,CLE-SD-TAN-35,store,5,1050.0,0.0
2026-W18,CLE-SD-TAN-35,ecom,4,840.0,0.0
2026-W19,CLE-SD-TAN-35,store,5,1050.0,0.0
2026-W19,CLE-SD-TAN-35,ecom,3,630.0,0.0
2026-W20,CLE-SD-TAN-35,store,4,840.0,0.0
2026-W20,CLE-SD-TAN-35,ecom,4,840.0,0.0
2026-W21,CLE-SD-TAN-35,store,5,945.0,0.1
2026-W21,CLE-SD-TAN-35,ecom,4,756.0,0.1
2026-W22,CLE-SD-TAN-35,store,4,756.0,0.1
2026-W22,CLE-SD-TAN-35,ecom,4,756.0,0.1
2026-W23,CLE-SD-TAN-35,store,6,1134.0,0.1
2026-W23,CLE-SD-TAN-35,ecom,4,756.0,0.1
2026-W24,CLE-SD-TAN-35,store,5,945.0,0.1
2026-W24,CLE-SD-TAN-35,ecom,4,756.0,0.1
2026-W25,CLE-SD-TAN-35,store,5,945.0,0.1
2026-W25,CLE-SD-TAN-35,ecom,4,756.0,0.1
2026-W26,CLE-SD-TAN-35,store,6,1134.0,0.1
2026-W26,CLE-SD-TAN-35,ecom,4,756.0,0.1
2026-W27,CLE-SD-TAN-35,store,5,1050.0,0.0
2026-W27,CLE-SD-TAN-35,ecom,3,630.0,0.0
2026-W28,CLE-SD-TAN-35,store,5,1050.0,0.0
2026-W28,CLE-SD-TAN-35,ecom,4,840.0,0.0
2026-W29,CLE-SD-TAN-35,store,5,1050.0,0.0
2026-W29,CLE-SD-TAN-35,ecom,3,630.0,0.0
2026-W30,CLE-SD-TAN-35,store,5,1050.0,0.0
2026-W30,CLE-SD-TAN-35,ecom,3,630.0,0.0
2026-W31,CLE-SD-TAN-35,store,5,1050.0,0.0
2026-W31,CLE-SD-TAN-35,ecom,3,630.0,0.0
2026-W06,CLE-SD-TAN-36,store,10,2100.0,0.0
2026-W06,CLE-SD-TAN-36,ecom,7,1470.0,0.0
2026-W07,CLE-SD-TAN-36,store,11,2310.0,0.0
2026-W07,CLE-SD-TAN-36,ecom,7,1470.0,0.0
2026-W08,CLE-SD-TAN-36,store,11,2310.0,0.0
2026-W08,CLE-SD-TAN-36,ecom,8,1680.0,0.0
2026-W09,CLE-SD-TAN-36,store,11,2310.0,0.0
2026-W09,CLE-SD-TAN-36,ecom,8,1680.0,0.0
2026-W10,CLE-SD-TAN-36,store,9,1890.0,0.0
2026-W10,CLE-SD-TAN-36,ecom,7,1470.0,0.0
2026-W11,CLE-SD-TAN-36,store,9,1890.0,0.0
2026-W11,CLE-SD-TAN-36,ecom,6,1260.0,0.0
2026-W12,CLE-SD-TAN-36,store,9,1890.0,0.0
2026-W12,CLE-SD-TAN-36,ecom,7,1470.0,0.0
2026-W13,CLE-SD-TAN-36,store,11,2310.0,0.0
2026-W13,CLE-SD-TAN-36,ecom,7,1470.0,0.0
2026-W14,CLE-SD-TAN-36,store,10,2100.0,0.0
2026-W14,CLE-SD-TAN-36,ecom,7,1470.0,0.0
2026-W15,CLE-SD-TAN-36,store,8,1680.0,0.0
2026-W15,CLE-SD-TAN-36,ecom,7,1470.0,0.0
2026-W16,CLE-SD-TAN-36,store,10,2100.0,0.0
2026-W16,CLE-SD-TAN-36,ecom,8,1680.0,0.0
2026-W17,CLE-SD-TAN-36,store,10,2100.0,0.0
2026-W17,CLE-SD-TAN-36,ecom,6,1260.0,0.0
2026-W18,CLE-SD-TAN-36,store,10,2100.0,0.0
2026-W18,CLE-SD-TAN-36,ecom,8,1680.0,0.0
2026-W19,CLE-SD-TAN-36,store,10,2100.0,0.0
2026-W19,CLE-SD-TAN-36,ecom,8,1680.0,0.0
2026-W20,CLE-SD-TAN-36,store,9,1890.0,0.0
2026-W20,CLE-SD-TAN-36,ecom,7,1470.0,0.0
2026-W21,CLE-SD-TAN-36,store,12,2268.0,0.1
2026-W21,CLE-SD-TAN-36,ecom,9,1701.0,0.1
2026-W22,CLE-SD-TAN-36,store,10,1890.0,0.1
2026-W22,CLE-SD-TAN-36,ecom,7,1323.0,0.1
2026-W23,CLE-SD-TAN-36,store,11,2079.0,0.1
2026-W23,CLE-SD-TAN-36,ecom,8,1512.0,0.1
2026-W24,CLE-SD-TAN-36,store,11,2079.0,0.1
2026-W24,CLE-SD-TAN-36,ecom,9,1701.0,0.1
2026-W25,CLE-SD-TAN-36,store,11,2079.0,0.1
2026-W25,CLE-SD-TAN-36,ecom,8,1512.0,0.1
2026-W26,CLE-SD-TAN-36,store,11,2079.0,0.1
2026-W26,CLE-SD-TAN-36,ecom,8,1512.0,0.1
2026-W27,CLE-SD-TAN-36,store,9,1890.0,0.0
2026-W27,CLE-SD-TAN-36,ecom,7,1470.0,0.0
2026-W28,CLE-SD-TAN-36,store,9,1890.0,0.0
2026-W28,CLE-SD-TAN-36,ecom,7,1470.0,0.0
2026-W29,CLE-SD-TAN-36,store,10,2100.0,0.0
2026-W29,CLE-SD-TAN-36,ecom,7,1470.0,0.0
2026-W30,CLE-SD-TAN-36,store,9,1890.0,0.0
2026-W30,CLE-SD-TAN-36,ecom,6,1260.0,0.0
2026-W31,CLE-SD-TAN-36,store,10,2100.0,0.0
2026-W31,CLE-SD-TAN-36,ecom,7,1470.0,0.0
2026-W06,CLE-SD-TAN-37,store,11,2310.0,0.0
2026-W06,CLE-SD-TAN-37,ecom,8,1680.0,0.0
2026-W07,CLE-SD-TAN-37,store,9,1890.0,0.0
2026-W07,CLE-SD-TAN-37,ecom,7,1470.0,0.0
2026-W08,CLE-SD-TAN-37,store,10,2100.0,0.0
2026-W08,CLE-SD-TAN-37,ecom,8,1680.0,0.0
2026-W09,CLE-SD-TAN-37,store,13,2730.0,0.0
2026-W09,CLE-SD-TAN-37,ecom,8,1680.0,0.0
2026-W10,CLE-SD-TAN-37,store,10,2100.0,0.0
2026-W10,CLE-SD-TAN-37,ecom,8,1680.0,0.0
2026-W11,CLE-SD-TAN-37,store,11,2310.0,0.0
2026-W11,CLE-SD-TAN-37,ecom,8,1680.0,0.0
2026-W12,CLE-SD-TAN-37,store,10,2100.0,0.0
2026-W12,CLE-SD-TAN-37,ecom,7,1470.0,0.0
2026-W13,CLE-SD-TAN-37,store,11,2310.0,0.0
2026-W13,CLE-SD-TAN-37,ecom,8,1680.0,0.0
2026-W14,CLE-SD-TAN-37,store,11,2310.0,0.0
2026-W14,CLE-SD-TAN-37,ecom,8,1680.0,0.0
2026-W15,CLE-SD-TAN-37,store,10,2100.0,0.0
2026-W15,CLE-SD-TAN-37,ecom,8,1680.0,0.0
2026-W16,CLE-SD-TAN-37,store,11,2310.0,0.0
2026-W16,CLE-SD-TAN-37,ecom,7,1470.0,0.0
2026-W17,CLE-SD-TAN-37,store,11,2310.0,0.0
2026-W17,CLE-SD-TAN-37,ecom,7,1470.0,0.0
2026-W18,CLE-SD-TAN-37,store,10,2100.0,0.0
2026-W18,CLE-SD-TAN-37,ecom,7,1470.0,0.0
2026-W19,CLE-SD-TAN-37,store,10,2100.0,0.0
2026-W19,CLE-SD-TAN-37,ecom,7,1470.0,0.0
2026-W20,CLE-SD-TAN-37,store,10,2100.0,0.0
2026-W20,CLE-SD-TAN-37,ecom,7,1470.0,0.0
2026-W21,CLE-SD-TAN-37,store,13,2457.0,0.1
2026-W21,CLE-SD-TAN-37,ecom,8,1512.0,0.1
2026-W22,CLE-SD-TAN-37,store,13,2457.0,0.1
2026-W22,CLE-SD-TAN-37,ecom,9,1701.0,0.1
2026-W23,CLE-SD-TAN-37,store,11,2079.0,0.1
2026-W23,CLE-SD-TAN-37,ecom,7,1323.0,0.1
2026-W24,CLE-SD-TAN-37,store,12,2268.0,0.1
2026-W24,CLE-SD-TAN-37,ecom,9,1701.0,0.1
2026-W25,CLE-SD-TAN-37,store,12,2268.0,0.1
2026-W25,CLE-SD-TAN-37,ecom,8,1512.0,0.1
2026-W26,CLE-SD-TAN-37,store,11,2079.0,0.1
2026-W26,CLE-SD-TAN-37,ecom,7,1323.0,0.1
2026-W27,CLE-SD-TAN-37,store,11,2310.0,0.0
2026-W27,CLE-SD-TAN-37,ecom,8,1680.0,0.0
2026-W28,CLE-SD-TAN-37,store,12,2520.0,0.0
2026-W28,CLE-SD-TAN-37,ecom,8,1680.0,0.0
2026-W29,CLE-SD-TAN-37,store,10,2100.0,0.0
2026-W29,CLE-SD-TAN-37,ecom,7,1470.0,0.0
2026-W30,CLE-SD-TAN-37,store,10,2100.0,0.0
2026-W30,CLE-SD-TAN-37,ecom,8,1680.0,0.0
2026-W31,CLE-SD-TAN-37,store,11,2310.0,0.0
2026-W31,CLE-SD-TAN-37,ecom,8,1680.0,0.0
2026-W06,CLE-SD-TAN-38,store,8,1680.0,0.0
2026-W06,CLE-SD-TAN-38,ecom,5,1050.0,0.0
2026-W07,CLE-SD-TAN-38,store,7,1470.0,0.0
2026-W07,CLE-SD-TAN-38,ecom,6,1260.0,0.0
2026-W08,CLE-SD-TAN-38,store,8,1680.0,0.0
2026-W08,CLE-SD-TAN-38,ecom,6,1260.0,0.0
2026-W09,CLE-SD-TAN-38,store,10,2100.0,0.0
2026-W09,CLE-SD-TAN-38,ecom,6,1260.0,0.0
2026-W10,CLE-SD-TAN-38,store,9,1890.0,0.0
2026-W10,CLE-SD-TAN-38,ecom,5,1050.0,0.0
2026-W11,CLE-SD-TAN-38,store,8,1680.0,0.0
2026-W11,CLE-SD-TAN-38,ecom,5,1050.0,0.0
2026-W12,CLE-SD-TAN-38,store,9,1890.0,0.0
2026-W12,CLE-SD-TAN-38,ecom,6,1260.0,0.0
2026-W13,CLE-SD-TAN-38,store,8,1680.0,0.0
2026-W13,CLE-SD-TAN-38,ecom,6,1260.0,0.0
2026-W14,CLE-SD-TAN-38,store,8,1680.0,0.0
2026-W14,CLE-SD-TAN-38,ecom,5,1050.0,0.0
2026-W15,CLE-SD-TAN-38,store,7,1470.0,0.0
2026-W15,CLE-SD-TAN-38,ecom,5,1050.0,0.0
2026-W16,CLE-SD-TAN-38,store,8,1680.0,0.0
2026-W16,CLE-SD-TAN-38,ecom,5,1050.0,0.0
2026-W17,CLE-SD-TAN-38,store,9,1890.0,0.0
2026-W17,CLE-SD-TAN-38,ecom,6,1260.0,0.0
2026-W18,CLE-SD-TAN-38,store,8,1680.0,0.0
2026-W18,CLE-SD-TAN-38,ecom,6,1260.0,0.0
2026-W19,CLE-SD-TAN-38,store,7,1470.0,0.0
2026-W19,CLE-SD-TAN-38,ecom,6,1260.0,0.0
2026-W20,CLE-SD-TAN-38,store,9,1890.0,0.0
2026-W20,CLE-SD-TAN-38,ecom,6,1260.0,0.0
2026-W21,CLE-SD-TAN-38,store,10,1890.0,0.1
2026-W21,CLE-SD-TAN-38,ecom,7,1323.0,0.1
2026-W22,CLE-SD-TAN-38,store,9,1701.0,0.1
2026-W22,CLE-SD-TAN-38,ecom,6,1134.0,0.1
2026-W23,CLE-SD-TAN-38,store,9,1701.0,0.1
2026-W23,CLE-SD-TAN-38,ecom,6,1134.0,0.1
2026-W24,CLE-SD-TAN-38,store,10,1890.0,0.1
2026-W24,CLE-SD-TAN-38,ecom,7,1323.0,0.1
2026-W25,CLE-SD-TAN-38,store,10,1890.0,0.1
2026-W25,CLE-SD-TAN-38,ecom,6,1134.0,0.1
2026-W26,CLE-SD-TAN-38,store,10,1890.0,0.1
2026-W26,CLE-SD-TAN-38,ecom,7,1323.0,0.1
2026-W27,CLE-SD-TAN-38,store,7,1470.0,0.0
2026-W27,CLE-SD-TAN-38,ecom,6,1260.0,0.0
2026-W28,CLE-SD-TAN-38,store,9,1890.0,0.0
2026-W28,CLE-SD-TAN-38,ecom,6,1260.0,0.0
2026-W29,CLE-SD-TAN-38,store,8,1680.0,0.0
2026-W29,CLE-SD-TAN-38,ecom,6,1260.0,0.0
2026-W30,CLE-SD-TAN-38,store,8,1680.0,0.0
2026-W30,CLE-SD-TAN-38,ecom,6,1260.0,0.0
2026-W31,CLE-SD-TAN-38,store,7,1470.0,0.0
2026-W31,CLE-SD-TAN-38,ecom,5,1050.0,0.0
2026-W06,CLE-SD-TAN-39,store,5,1050.0,0.0
2026-W06,CLE-SD-TAN-39,ecom,4,840.0,0.0
2026-W07,CLE-SD-TAN-39,store,5,1050.0,0.0
2026-W07,CLE-SD-TAN-39,ecom,4,840.0,0.0
2026-W08,CLE-SD-TAN-39,store,6,1260.0,0.0
2026-W08,CLE-SD-TAN-39,ecom,4,840.0,0.0
2026-W09,CLE-SD-TAN-39,store,6,1260.0,0.0
2026-W09,CLE-SD-TAN-39,ecom,4,840.0,0.0
2026-W10,CLE-SD-TAN-39,store,5,1050.0,0.0
2026-W10,CLE-SD-TAN-39,ecom,4,840.0,0.0
2026-W11,CLE-SD-TAN-39,store,5,1050.0,0.0
2026-W11,CLE-SD-TAN-39,ecom,4,840.0,0.0
2026-W12,CLE-SD-TAN-39,store,5,1050.0,0.0
2026-W12,CLE-SD-TAN-39,ecom,4,840.0,0.0
2026-W13,CLE-SD-TAN-39,store,5,1050.0,0.0
2026-W13,CLE-SD-TAN-39,ecom,4,840.0,0.0
2026-W14,CLE-SD-TAN-39,store,6,1260.0,0.0
2026-W14,CLE-SD-TAN-39,ecom,4,840.0,0.0
2026-W15,CLE-SD-TAN-39,store,5,1050.0,0.0
2026-W15,CLE-SD-TAN-39,ecom,4,840.0,0.0
2026-W16,CLE-SD-TAN-39,store,6,1260.0,0.0
2026-W16,CLE-SD-TAN-39,ecom,4,840.0,0.0
2026-W17,CLE-SD-TAN-39,store,5,1050.0,0.0
2026-W17,CLE-SD-TAN-39,ecom,4,840.0,0.0
2026-W18,CLE-SD-TAN-39,store,5,1050.0,0.0
2026-W18,CLE-SD-TAN-39,ecom,4,840.0,0.0
2026-W19,CLE-SD-TAN-39,store,5,1050.0,0.0
2026-W19,CLE-SD-TAN-39,ecom,4,840.0,0.0
2026-W20,CLE-SD-TAN-39,store,5,1050.0,0.0
2026-W20,CLE-SD-TAN-39,ecom,4,840.0,0.0
2026-W21,CLE-SD-TAN-39,store,6,1134.0,0.1
2026-W21,CLE-SD-TAN-39,ecom,4,756.0,0.1
2026-W22,CLE-SD-TAN-39,store,5,945.0,0.1
2026-W22,CLE-SD-TAN-39,ecom,4,756.0,0.1
2026-W23,CLE-SD-TAN-39,store,6,1134.0,0.1
2026-W23,CLE-SD-TAN-39,ecom,4,756.0,0.1
2026-W24,CLE-SD-TAN-39,store,7,1323.0,0.1
2026-W24,CLE-SD-TAN-39,ecom,4,756.0,0.1
2026-W25,CLE-SD-TAN-39,store,7,1323.0,0.1
2026-W25,CLE-SD-TAN-39,ecom,4,756.0,0.1
2026-W26,CLE-SD-TAN-39,store,5,945.0,0.1
2026-W26,CLE-SD-TAN-39,ecom,4,756.0,0.1
2026-W27,CLE-SD-TAN-39,store,5,1050.0,0.0
2026-W27,CLE-SD-TAN-39,ecom,3,630.0,0.0
2026-W28,CLE-SD-TAN-39,store,5,1050.0,0.0
2026-W28,CLE-SD-TAN-39,ecom,4,840.0,0.0
2026-W29,CLE-SD-TAN-39,store,5,1050.0,0.0
2026-W29,CLE-SD-TAN-39,ecom,4,840.0,0.0
2026-W30,CLE-SD-TAN-39,store,4,840.0,0.0
2026-W30,CLE-SD-TAN-39,ecom,4,840.0,0.0
2026-W31,CLE-SD-TAN-39,store,6,1260.0,0.0
2026-W31,CLE-SD-TAN-39,ecom,4,840.0,0.0
2026-W06,CLE-SD-TAN-40,store,2,420.0,0.0
2026-W06,CLE-SD-TAN-40,ecom,1,210.0,0.0
2026-W07,CLE-SD-TAN-40,store,2,420.0,0.0
2026-W07,CLE-SD-TAN-40,ecom,1,210.0,0.0
2026-W08,CLE-SD-TAN-40,store,2,420.0,0.0
2026-W08,CLE-SD-TAN-40,ecom,2,420.0,0.0
2026-W09,CLE-SD-TAN-40,store,2,420.0,0.0
2026-W09,CLE-SD-TAN-40,ecom,2,420.0,0.0
2026-W10,CLE-SD-TAN-40,store,2,420.0,0.0
2026-W10,CLE-SD-TAN-40,ecom,2,420.0,0.0
2026-W11,CLE-SD-TAN-40,store,2,420.0,0.0
2026-W11,CLE-SD-TAN-40,ecom,1,210.0,0.0
2026-W12,CLE-SD-TAN-40,store,2,420.0,0.0
2026-W12,CLE-SD-TAN-40,ecom,2,420.0,0.0
2026-W13,CLE-SD-TAN-40,store,2,420.0,0.0
2026-W13,CLE-SD-TAN-40,ecom,1,210.0,0.0
2026-W14,CLE-SD-TAN-40,store,2,420.0,0.0
2026-W14,CLE-SD-TAN-40,ecom,1,210.0,0.0
2026-W15,CLE-SD-TAN-40,store,2,420.0,0.0
2026-W15,CLE-SD-TAN-40,ecom,1,210.0,0.0
2026-W16,CLE-SD-TAN-40,store,2,420.0,0.0
2026-W16,CLE-SD-TAN-40,ecom,2,420.0,0.0
2026-W17,CLE-SD-TAN-40,store,2,420.0,0.0
2026-W17,CLE-SD-TAN-40,ecom,2,420.0,0.0
2026-W18,CLE-SD-TAN-40,store,2,420.0,0.0
2026-W18,CLE-SD-TAN-40,ecom,2,420.0,0.0
2026-W19,CLE-SD-TAN-40,store,2,420.0,0.0
2026-W19,CLE-SD-TAN-40,ecom,1,210.0,0.0
2026-W20,CLE-SD-TAN-40,store,2,420.0,0.0
2026-W20,CLE-SD-TAN-40,ecom,1,210.0,0.0
2026-W21,CLE-SD-TAN-40,store,2,378.0,0.1
2026-W21,CLE-SD-TAN-40,ecom,2,378.0,0.1
2026-W22,CLE-SD-TAN-40,store,2,378.0,0.1
2026-W22,CLE-SD-TAN-40,ecom,2,378.0,0.1
2026-W23,CLE-SD-TAN-40,store,2,378.0,0.1
2026-W23,CLE-SD-TAN-40,ecom,2,378.0,0.1
2026-W24,CLE-SD-TAN-40,store,2,378.0,0.1
2026-W24,CLE-SD-TAN-40,ecom,2,378.0,0.1
2026-W25,CLE-SD-TAN-40,store,2,378.0,0.1
2026-W25,CLE-SD-TAN-40,ecom,2,378.0,0.1
2026-W26,CLE-SD-TAN-40,store,2,378.0,0.1
2026-W26,CLE-SD-TAN-40,ecom,2,378.0,0.1
2026-W27,CLE-SD-TAN-40,store,2,420.0,0.0
2026-W27,CLE-SD-TAN-40,ecom,1,210.0,0.0
2026-W28,CLE-SD-TAN-40,store,2,420.0,0.0
2026-W28,CLE-SD-TAN-40,ecom,2,420.0,0.0
2026-W29,CLE-SD-TAN-40,store,2,420.0,0.0
2026-W29,CLE-SD-TAN-40,ecom,2,420.0,0.0
2026-W30,CLE-SD-TAN-40,store,2,420.0,0.0
2026-W30,CLE-SD-TAN-40,ecom,1,210.0,0.0
2026-W31,CLE-SD-TAN-40,store,2,420.0,0.0
2026-W31,CLE-SD-TAN-40,ecom,1,210.0,0.0
2026-W06,CLE-SD-WHT-35,store,4,840.0,0.0
2026-W06,CLE-SD-WHT-35,ecom,2,420.0,0.0
2026-W07,CLE-SD-WHT-35,store,3,630.0,0.0
2026-W07,CLE-SD-WHT-35,ecom,2,420.0,0.0
2026-W08,CLE-SD-WHT-35,store,3,630.0,0.0
2026-W08,CLE-SD-WHT-35,ecom,3,630.0,0.0
2026-W09,CLE-SD-WHT-35,store,3,630.0,0.0
2026-W09,CLE-SD-WHT-35,ecom,2,420.0,0.0
2026-W10,CLE-SD-WHT-35,store,3,630.0,0.0
2026-W10,CLE-SD-WHT-35,ecom,2,420.0,0.0
2026-W11,CLE-SD-WHT-35,store,4,840.0,0.0
2026-W11,CLE-SD-WHT-35,ecom,2,420.0,0.0
2026-W12,CLE-SD-WHT-35,store,3,630.0,0.0
2026-W12,CLE-SD-WHT-35,ecom,2,420.0,0.0
2026-W13,CLE-SD-WHT-35,store,3,630.0,0.0
2026-W13,CLE-SD-WHT-35,ecom,2,420.0,0.0
2026-W14,CLE-SD-WHT-35,store,3,630.0,0.0
2026-W14,CLE-SD-WHT-35,ecom,2,420.0,0.0
2026-W15,CLE-SD-WHT-35,store,4,840.0,0.0
2026-W15,CLE-SD-WHT-35,ecom,2,420.0,0.0
2026-W16,CLE-SD-WHT-35,store,3,630.0,0.0
2026-W16,CLE-SD-WHT-35,ecom,2,420.0,0.0
2026-W17,CLE-SD-WHT-35,store,3,630.0,0.0
2026-W17,CLE-SD-WHT-35,ecom,2,420.0,0.0
2026-W18,CLE-SD-WHT-35,store,3,630.0,0.0
2026-W18,CLE-SD-WHT-35,ecom,2,420.0,0.0
2026-W19,CLE-SD-WHT-35,store,3,630.0,0.0
2026-W19,CLE-SD-WHT-35,ecom,2,420.0,0.0
2026-W20,CLE-SD-WHT-35,store,3,630.0,0.0
2026-W20,CLE-SD-WHT-35,ecom,3,630.0,0.0
2026-W21,CLE-SD-WHT-35,store,4,756.0,0.1
2026-W21,CLE-SD-WHT-35,ecom,3,567.0,0.1
2026-W22,CLE-SD-WHT-35,store,4,756.0,0.1
2026-W22,CLE-SD-WHT-35,ecom,3,567.0,0.1
2026-W23,CLE-SD-WHT-35,store,4,756.0,0.1
2026-W23,CLE-SD-WHT-35,ecom,3,567.0,0.1
2026-W24,CLE-SD-WHT-35,store,3,567.0,0.1
2026-W24,CLE-SD-WHT-35,ecom,3,567.0,0.1
2026-W25,CLE-SD-WHT-35,store,4,756.0,0.1
2026-W25,CLE-SD-WHT-35,ecom,2,378.0,0.1
2026-W26,CLE-SD-WHT-35,store,3,567.0,0.1
2026-W26,CLE-SD-WHT-35,ecom,3,567.0,0.1
2026-W27,CLE-SD-WHT-35,store,3,630.0,0.0
2026-W27,CLE-SD-WHT-35,ecom,3,630.0,0.0
2026-W28,CLE-SD-WHT-35,store,3,630.0,0.0
2026-W28,CLE-SD-WHT-35,ecom,2,420.0,0.0
2026-W29,CLE-SD-WHT-35,store,4,840.0,0.0
2026-W29,CLE-SD-WHT-35,ecom,2,420.0,0.0
2026-W30,CLE-SD-WHT-35,store,3,630.0,0.0
2026-W30,CLE-SD-WHT-35,ecom,2,420.0,0.0
2026-W31,CLE-SD-WHT-35,store,3,630.0,0.0
2026-W31,CLE-SD-WHT-35,ecom,2,420.0,0.0
2026-W06,CLE-SD-WHT-36,store,6,1260.0,0.0
2026-W06,CLE-SD-WHT-36,ecom,4,840.0,0.0
2026-W07,CLE-SD-WHT-36,store,7,1470.0,0.0
2026-W07,CLE-SD-WHT-36,ecom,5,1050.0,0.0
2026-W08,CLE-SD-WHT-36,store,6,1260.0,0.0
2026-W08,CLE-SD-WHT-36,ecom,5,1050.0,0.0
2026-W09,CLE-SD-WHT-36,store,6,1260.0,0.0
2026-W09,CLE-SD-WHT-36,ecom,5,1050.0,0.0
2026-W10,CLE-SD-WHT-36,store,7,1470.0,0.0
2026-W10,CLE-SD-WHT-36,ecom,4,840.0,0.0
2026-W11,CLE-SD-WHT-36,store,6,1260.0,0.0
2026-W11,CLE-SD-WHT-36,ecom,5,1050.0,0.0
2026-W12,CLE-SD-WHT-36,store,7,1470.0,0.0
2026-W12,CLE-SD-WHT-36,ecom,5,1050.0,0.0
2026-W13,CLE-SD-WHT-36,store,7,1470.0,0.0
2026-W13,CLE-SD-WHT-36,ecom,5,1050.0,0.0
2026-W14,CLE-SD-WHT-36,store,6,1260.0,0.0
2026-W14,CLE-SD-WHT-36,ecom,5,1050.0,0.0
2026-W15,CLE-SD-WHT-36,store,7,1470.0,0.0
2026-W15,CLE-SD-WHT-36,ecom,5,1050.0,0.0
2026-W16,CLE-SD-WHT-36,store,6,1260.0,0.0
2026-W16,CLE-SD-WHT-36,ecom,4,840.0,0.0
2026-W17,CLE-SD-WHT-36,store,6,1260.0,0.0
2026-W17,CLE-SD-WHT-36,ecom,4,840.0,0.0
2026-W18,CLE-SD-WHT-36,store,6,1260.0,0.0
2026-W18,CLE-SD-WHT-36,ecom,4,840.0,0.0
2026-W19,CLE-SD-WHT-36,store,6,1260.0,0.0
2026-W19,CLE-SD-WHT-36,ecom,4,840.0,0.0
2026-W20,CLE-SD-WHT-36,store,7,1470.0,0.0
2026-W20,CLE-SD-WHT-36,ecom,5,1050.0,0.0
2026-W21,CLE-SD-WHT-36,store,7,1323.0,0.1
2026-W21,CLE-SD-WHT-36,ecom,5,945.0,0.1
2026-W22,CLE-SD-WHT-36,store,7,1323.0,0.1
2026-W22,CLE-SD-WHT-36,ecom,5,945.0,0.1
2026-W23,CLE-SD-WHT-36,store,7,1323.0,0.1
2026-W23,CLE-SD-WHT-36,ecom,6,1134.0,0.1
2026-W24,CLE-SD-WHT-36,store,7,1323.0,0.1
2026-W24,CLE-SD-WHT-36,ecom,5,945.0,0.1
2026-W25,CLE-SD-WHT-36,store,8,1512.0,0.1
2026-W25,CLE-SD-WHT-36,ecom,5,945.0,0.1
2026-W26,CLE-SD-WHT-36,store,6,1134.0,0.1
2026-W26,CLE-SD-WHT-36,ecom,5,945.0,0.1
2026-W27,CLE-SD-WHT-36,store,6,1260.0,0.0
2026-W27,CLE-SD-WHT-36,ecom,4,840.0,0.0
2026-W28,CLE-SD-WHT-36,store,6,1260.0,0.0
2026-W28,CLE-SD-WHT-36,ecom,5,1050.0,0.0
2026-W29,CLE-SD-WHT-36,store,7,1470.0,0.0
2026-W29,CLE-SD-WHT-36,ecom,5,1050.0,0.0
2026-W30,CLE-SD-WHT-36,store,6,1260.0,0.0
2026-W30,CLE-SD-WHT-36,ecom,4,840.0,0.0
2026-W31,CLE-SD-WHT-36,store,6,1260.0,0.0
2026-W31,CLE-SD-WHT-36,ecom,4,840.0,0.0
2026-W06,CLE-SD-WHT-37,store,6,1260.0,0.0
2026-W06,CLE-SD-WHT-37,ecom,4,840.0,0.0
2026-W07,CLE-SD-WHT-37,store,7,1470.0,0.0
2026-W07,CLE-SD-WHT-37,ecom,4,840.0,0.0
2026-W08,CLE-SD-WHT-37,store,8,1680.0,0.0
2026-W08,CLE-SD-WHT-37,ecom,5,1050.0,0.0
2026-W09,CLE-SD-WHT-37,store,8,1680.0,0.0
2026-W09,CLE-SD-WHT-37,ecom,5,1050.0,0.0
2026-W10,CLE-SD-WHT-37,store,8,1680.0,0.0
2026-W10,CLE-SD-WHT-37,ecom,5,1050.0,0.0
2026-W11,CLE-SD-WHT-37,store,7,1470.0,0.0
2026-W11,CLE-SD-WHT-37,ecom,5,1050.0,0.0
2026-W12,CLE-SD-WHT-37,store,7,1470.0,0.0
2026-W12,CLE-SD-WHT-37,ecom,5,1050.0,0.0
2026-W13,CLE-SD-WHT-37,store,8,1680.0,0.0
2026-W13,CLE-SD-WHT-37,ecom,5,1050.0,0.0
2026-W14,CLE-SD-WHT-37,store,7,1470.0,0.0
2026-W14,CLE-SD-WHT-37,ecom,5,1050.0,0.0
2026-W15,CLE-SD-WHT-37,store,6,1260.0,0.0
2026-W15,CLE-SD-WHT-37,ecom,5,1050.0,0.0
2026-W16,CLE-SD-WHT-37,store,6,1260.0,0.0
2026-W16,CLE-SD-WHT-37,ecom,5,1050.0,0.0
2026-W17,CLE-SD-WHT-37,store,7,1470.0,0.0
2026-W17,CLE-SD-WHT-37,ecom,5,1050.0,0.0
2026-W18,CLE-SD-WHT-37,store,6,1260.0,0.0
2026-W18,CLE-SD-WHT-37,ecom,4,840.0,0.0
2026-W19,CLE-SD-WHT-37,store,6,1260.0,0.0
2026-W19,CLE-SD-WHT-37,ecom,5,1050.0,0.0
2026-W20,CLE-SD-WHT-37,store,7,1470.0,0.0
2026-W20,CLE-SD-WHT-37,ecom,5,1050.0,0.0
2026-W21,CLE-SD-WHT-37,store,7,1323.0,0.1
2026-W21,CLE-SD-WHT-37,ecom,6,1134.0,0.1
2026-W22,CLE-SD-WHT-37,store,7,1323.0,0.1
2026-W22,CLE-SD-WHT-37,ecom,5,945.0,0.1
2026-W23,CLE-SD-WHT-37,store,7,1323.0,0.1
2026-W23,CLE-SD-WHT-37,ecom,6,1134.0,0.1
2026-W24,CLE-SD-WHT-37,store,8,1512.0,0.1
2026-W24,CLE-SD-WHT-37,ecom,5,945.0,0.1
2026-W25,CLE-SD-WHT-37,store,8,1512.0,0.1
2026-W25,CLE-SD-WHT-37,ecom,6,1134.0,0.1
2026-W26,CLE-SD-WHT-37,store,8,1512.0,0.1
2026-W26,CLE-SD-WHT-37,ecom,6,1134.0,0.1
2026-W27,CLE-SD-WHT-37,store,7,1470.0,0.0
2026-W27,CLE-SD-WHT-37,ecom,4,840.0,0.0
2026-W28,CLE-SD-WHT-37,store,7,1470.0,0.0
2026-W28,CLE-SD-WHT-37,ecom,4,840.0,0.0
2026-W29,CLE-SD-WHT-37,store,6,1260.0,0.0
2026-W29,CLE-SD-WHT-37,ecom,5,1050.0,0.0
2026-W30,CLE-SD-WHT-37,store,7,1470.0,0.0
2026-W30,CLE-SD-WHT-37,ecom,5,1050.0,0.0
2026-W31,CLE-SD-WHT-37,store,7,1470.0,0.0
2026-W31,CLE-SD-WHT-37,ecom,5,1050.0,0.0
2026-W06,CLE-SD-WHT-38,store,5,1050.0,0.0
2026-W06,CLE-SD-WHT-38,ecom,4,840.0,0.0
2026-W07,CLE-SD-WHT-38,store,5,1050.0,0.0
2026-W07,CLE-SD-WHT-38,ecom,3,630.0,0.0
2026-W08,CLE-SD-WHT-38,store,5,1050.0,0.0
2026-W08,CLE-SD-WHT-38,ecom,4,840.0,0.0
2026-W09,CLE-SD-WHT-38,store,5,1050.0,0.0
2026-W09,CLE-SD-WHT-38,ecom,4,840.0,0.0
2026-W10,CLE-SD-WHT-38,store,6,1260.0,0.0
2026-W10,CLE-SD-WHT-38,ecom,4,840.0,0.0
2026-W11,CLE-SD-WHT-38,store,5,1050.0,0.0
2026-W11,CLE-SD-WHT-38,ecom,4,840.0,0.0
2026-W12,CLE-SD-WHT-38,store,5,1050.0,0.0
2026-W12,CLE-SD-WHT-38,ecom,4,840.0,0.0
2026-W13,CLE-SD-WHT-38,store,5,1050.0,0.0
2026-W13,CLE-SD-WHT-38,ecom,4,840.0,0.0
2026-W14,CLE-SD-WHT-38,store,5,1050.0,0.0
2026-W14,CLE-SD-WHT-38,ecom,3,630.0,0.0
2026-W15,CLE-SD-WHT-38,store,5,1050.0,0.0
2026-W15,CLE-SD-WHT-38,ecom,3,630.0,0.0
2026-W16,CLE-SD-WHT-38,store,5,1050.0,0.0
2026-W16,CLE-SD-WHT-38,ecom,4,840.0,0.0
2026-W17,CLE-SD-WHT-38,store,6,1260.0,0.0
2026-W17,CLE-SD-WHT-38,ecom,4,840.0,0.0
2026-W18,CLE-SD-WHT-38,store,5,1050.0,0.0
2026-W18,CLE-SD-WHT-38,ecom,3,630.0,0.0
2026-W19,CLE-SD-WHT-38,store,5,1050.0,0.0
2026-W19,CLE-SD-WHT-38,ecom,4,840.0,0.0
2026-W20,CLE-SD-WHT-38,store,6,1260.0,0.0
2026-W20,CLE-SD-WHT-38,ecom,4,840.0,0.0
2026-W21,CLE-SD-WHT-38,store,7,1323.0,0.1
2026-W21,CLE-SD-WHT-38,ecom,4,756.0,0.1
2026-W22,CLE-SD-WHT-38,store,6,1134.0,0.1
2026-W22,CLE-SD-WHT-38,ecom,5,945.0,0.1
2026-W23,CLE-SD-WHT-38,store,6,1134.0,0.1
2026-W23,CLE-SD-WHT-38,ecom,5,945.0,0.1
2026-W24,CLE-SD-WHT-38,store,7,1323.0,0.1
2026-W24,CLE-SD-WHT-38,ecom,4,756.0,0.1
2026-W25,CLE-SD-WHT-38,store,6,1134.0,0.1
2026-W25,CLE-SD-WHT-38,ecom,4,756.0,0.1
2026-W26,CLE-SD-WHT-38,store,6,1134.0,0.1
2026-W26,CLE-SD-WHT-38,ecom,4,756.0,0.1
2026-W27,CLE-SD-WHT-38,store,5,1050.0,0.0
2026-W27,CLE-SD-WHT-38,ecom,3,630.0,0.0
2026-W28,CLE-SD-WHT-38,store,6,1260.0,0.0
2026-W28,CLE-SD-WHT-38,ecom,4,840.0,0.0
2026-W29,CLE-SD-WHT-38,store,5,1050.0,0.0
2026-W29,CLE-SD-WHT-38,ecom,4,840.0,0.0
2026-W30,CLE-SD-WHT-38,store,5,1050.0,0.0
2026-W30,CLE-SD-WHT-38,ecom,4,840.0,0.0
2026-W31,CLE-SD-WHT-38,store,5,1050.0,0.0
2026-W31,CLE-SD-WHT-38,ecom,4,840.0,0.0
2026-W06,CLE-SD-WHT-39,store,4,840.0,0.0
2026-W06,CLE-SD-WHT-39,ecom,2,420.0,0.0
2026-W07,CLE-SD-WHT-39,store,4,840.0,0.0
2026-W07,CLE-SD-WHT-39,ecom,2,420.0,0.0
2026-W08,CLE-SD-WHT-39,store,3,630.0,0.0
2026-W08,CLE-SD-WHT-39,ecom,3,630.0,0.0
2026-W09,CLE-SD-WHT-39,store,4,840.0,0.0
2026-W09,CLE-SD-WHT-39,ecom,3,630.0,0.0
2026-W10,CLE-SD-WHT-39,store,3,630.0,0.0
2026-W10,CLE-SD-WHT-39,ecom,3,630.0,0.0
2026-W11,CLE-SD-WHT-39,store,4,840.0,0.0
2026-W11,CLE-SD-WHT-39,ecom,2,420.0,0.0
2026-W12,CLE-SD-WHT-39,store,4,840.0,0.0
2026-W12,CLE-SD-WHT-39,ecom,2,420.0,0.0
2026-W13,CLE-SD-WHT-39,store,3,630.0,0.0
2026-W13,CLE-SD-WHT-39,ecom,2,420.0,0.0
2026-W14,CLE-SD-WHT-39,store,3,630.0,0.0
2026-W14,CLE-SD-WHT-39,ecom,3,630.0,0.0
2026-W15,CLE-SD-WHT-39,store,3,630.0,0.0
2026-W15,CLE-SD-WHT-39,ecom,2,420.0,0.0
2026-W16,CLE-SD-WHT-39,store,4,840.0,0.0
2026-W16,CLE-SD-WHT-39,ecom,3,630.0,0.0
2026-W17,CLE-SD-WHT-39,store,4,840.0,0.0
2026-W17,CLE-SD-WHT-39,ecom,2,420.0,0.0
2026-W18,CLE-SD-WHT-39,store,3,630.0,0.0
2026-W18,CLE-SD-WHT-39,ecom,3,630.0,0.0
2026-W19,CLE-SD-WHT-39,store,3,630.0,0.0
2026-W19,CLE-SD-WHT-39,ecom,2,420.0,0.0
2026-W20,CLE-SD-WHT-39,store,4,840.0,0.0
2026-W20,CLE-SD-WHT-39,ecom,2,420.0,0.0
2026-W21,CLE-SD-WHT-39,store,4,756.0,0.1
2026-W21,CLE-SD-WHT-39,ecom,3,567.0,0.1
2026-W22,CLE-SD-WHT-39,store,4,756.0,0.1
2026-W22,CLE-SD-WHT-39,ecom,3,567.0,0.1
2026-W23,CLE-SD-WHT-39,store,4,756.0,0.1
2026-W23,CLE-SD-WHT-39,ecom,3,567.0,0.1
2026-W24,CLE-SD-WHT-39,store,4,756.0,0.1
2026-W24,CLE-SD-WHT-39,ecom,3,567.0,0.1
2026-W25,CLE-SD-WHT-39,store,4,756.0,0.1
2026-W25,CLE-SD-WHT-39,ecom,3,567.0,0.1
2026-W26,CLE-SD-WHT-39,store,4,756.0,0.1
2026-W26,CLE-SD-WHT-39,ecom,3,567.0,0.1
2026-W27,CLE-SD-WHT-39,store,3,630.0,0.0
2026-W27,CLE-SD-WHT-39,ecom,2,420.0,0.0
2026-W28,CLE-SD-WHT-39,store,4,840.0,0.0
2026-W28,CLE-SD-WHT-39,ecom,2,420.0,0.0
2026-W29,CLE-SD-WHT-39,store,3,630.0,0.0
2026-W29,CLE-SD-WHT-39,ecom,2,420.0,0.0
2026-W30,CLE-SD-WHT-39,store,3,630.0,0.0
2026-W30,CLE-SD-WHT-39,ecom,2,420.0,0.0
2026-W31,CLE-SD-WHT-39,store,3,630.0,0.0
2026-W31,CLE-SD-WHT-39,ecom,3,630.0,0.0
2026-W06,CLE-SD-WHT-40,store,1,210.0,0.0
2026-W06,CLE-SD-WHT-40,ecom,1,210.0,0.0
2026-W07,CLE-SD-WHT-40,store,1,210.0,0.0
2026-W07,CLE-SD-WHT-40,ecom,1,210.0,0.0
2026-W08,CLE-SD-WHT-40,store,1,210.0,0.0
2026-W08,CLE-SD-WHT-40,ecom,1,210.0,0.0
2026-W09,CLE-SD-WHT-40,store,1,210.0,0.0
2026-W09,CLE-SD-WHT-40,ecom,1,210.0,0.0
2026-W10,CLE-SD-WHT-40,store,1,210.0,0.0
2026-W10,CLE-SD-WHT-40,ecom,1,210.0,0.0
2026-W11,CLE-SD-WHT-40,store,1,210.0,0.0
2026-W11,CLE-SD-WHT-40,ecom,1,210.0,0.0
2026-W12,CLE-SD-WHT-40,store,1,210.0,0.0
2026-W12,CLE-SD-WHT-40,ecom,1,210.0,0.0
2026-W13,CLE-SD-WHT-40,store,1,210.0,0.0
2026-W13,CLE-SD-WHT-40,ecom,1,210.0,0.0
2026-W14,CLE-SD-WHT-40,store,1,210.0,0.0
2026-W14,CLE-SD-WHT-40,ecom,1,210.0,0.0
2026-W15,CLE-SD-WHT-40,store,1,210.0,0.0
2026-W15,CLE-SD-WHT-40,ecom,1,210.0,0.0
2026-W16,CLE-SD-WHT-40,store,2,420.0,0.0
2026-W16,CLE-SD-WHT-40,ecom,1,210.0,0.0
2026-W17,CLE-SD-WHT-40,store,1,210.0,0.0
2026-W17,CLE-SD-WHT-40,ecom,1,210.0,0.0
2026-W18,CLE-SD-WHT-40,store,1,210.0,0.0
2026-W18,CLE-SD-WHT-40,ecom,1,210.0,0.0
2026-W19,CLE-SD-WHT-40,store,1,210.0,0.0
2026-W19,CLE-SD-WHT-40,ecom,1,210.0,0.0
2026-W20,CLE-SD-WHT-40,store,1,210.0,0.0
2026-W20,CLE-SD-WHT-40,ecom,1,210.0,0.0
2026-W21,CLE-SD-WHT-40,store,1,189.0,0.1
2026-W21,CLE-SD-WHT-40,ecom,1,189.0,0.1
2026-W22,CLE-SD-WHT-40,store,1,189.0,0.1
2026-W22,CLE-SD-WHT-40,ecom,1,189.0,0.1
2026-W23,CLE-SD-WHT-40,store,1,189.0,0.1
2026-W23,CLE-SD-WHT-40,ecom,1,189.0,0.1
2026-W24,CLE-SD-WHT-40,store,2,378.0,0.1
2026-W24,CLE-SD-WHT-40,ecom,1,189.0,0.1
2026-W25,CLE-SD-WHT-40,store,2,378.0,0.1
2026-W25,CLE-SD-WHT-40,ecom,1,189.0,0.1
2026-W26,CLE-SD-WHT-40,store,1,189.0,0.1
2026-W26,CLE-SD-WHT-40,ecom,1,189.0,0.1
2026-W27,CLE-SD-WHT-40,store,1,210.0,0.0
2026-W27,CLE-SD-WHT-40,ecom,1,210.0,0.0
2026-W28,CLE-SD-WHT-40,store,1,210.0,0.0
2026-W28,CLE-SD-WHT-40,ecom,1,210.0,0.0
2026-W29,CLE-SD-WHT-40,store,2,420.0,0.0
2026-W29,CLE-SD-WHT-40,ecom,1,210.0,0.0
2026-W30,CLE-SD-WHT-40,store,1,210.0,0.0
2026-W30,CLE-SD-WHT-40,ecom,1,210.0,0.0
2026-W31,CLE-SD-WHT-40,store,1,210.0,0.0
2026-W31,CLE-SD-WHT-40,ecom,1,210.0,0.0
2026-W06,LUN-PD-GLD,store,59,10620.0,0.0
2026-W06,LUN-PD-GLD,ecom,40,7200.0,0.0
2026-W07,LUN-PD-GLD,store,57,10260.0,0.0
2026-W07,LUN-PD-GLD,ecom,38,6840.0,0.0
2026-W08,LUN-PD-GLD,store,58,10440.0,0.0
2026-W08,LUN-PD-GLD,ecom,38,6840.0,0.0
2026-W09,LUN-PD-GLD,store,63,11340.0,0.0
2026-W09,LUN-PD-GLD,ecom,43,7740.0,0.0
2026-W10,LUN-PD-GLD,store,57,10260.0,0.0
2026-W10,LUN-PD-GLD,ecom,38,6840.0,0.0
2026-W11,LUN-PD-GLD,store,55,9900.0,0.0
2026-W11,LUN-PD-GLD,ecom,41,7380.0,0.0
2026-W12,LUN-PD-GLD,store,59,10620.0,0.0
2026-W12,LUN-PD-GLD,ecom,44,7920.0,0.0
2026-W13,LUN-PD-GLD,store,51,9180.0,0.0
2026-W13,LUN-PD-GLD,ecom,41,7380.0,0.0
2026-W14,LUN-PD-GLD,store,53,9540.0,0.0
2026-W14,LUN-PD-GLD,ecom,41,7380.0,0.0
2026-W15,LUN-PD-GLD,store,46,8280.0,0.0
2026-W15,LUN-PD-GLD,ecom,37,6660.0,0.0
2026-W16,LUN-PD-GLD,store,57,10260.0,0.0
2026-W16,LUN-PD-GLD,ecom,46,8280.0,0.0
2026-W17,LUN-PD-GLD,store,58,10440.0,0.0
2026-W17,LUN-PD-GLD,ecom,43,7740.0,0.0
2026-W18,LUN-PD-GLD,store,50,9000.0,0.0
2026-W18,LUN-PD-GLD,ecom,39,7020.0,0.0
2026-W19,LUN-PD-GLD,store,57,10260.0,0.0
2026-W19,LUN-PD-GLD,ecom,39,7020.0,0.0
2026-W20,LUN-PD-GLD,store,51,9180.0,0.0
2026-W20,LUN-PD-GLD,ecom,41,7380.0,0.0
2026-W21,LUN-PD-GLD,store,73,10512.0,0.2
2026-W21,LUN-PD-GLD,ecom,57,8208.0,0.2
2026-W22,LUN-PD-GLD,store,77,11088.0,0.2
2026-W22,LUN-PD-GLD,ecom,57,8208.0,0.2
2026-W23,LUN-PD-GLD,store,80,11520.0,0.2
2026-W23,LUN-PD-GLD,ecom,54,7776.0,0.2
2026-W24,LUN-PD-GLD,store,72,10368.0,0.2
2026-W24,LUN-PD-GLD,ecom,55,7920.0,0.2
2026-W25,LUN-PD-GLD,store,76,10944.0,0.2
2026-W25,LUN-PD-GLD,ecom,61,8784.0,0.2
2026-W26,LUN-PD-GLD,store,77,11088.0,0.2
2026-W26,LUN-PD-GLD,ecom,56,8064.0,0.2
2026-W27,LUN-PD-GLD,store,37,6660.0,0.0
2026-W27,LUN-PD-GLD,ecom,25,4500.0,0.0
2026-W28,LUN-PD-GLD,store,42,7560.0,0.0
2026-W28,LUN-PD-GLD,ecom,28,5040.0,0.0
2026-W29,LUN-PD-GLD,store,37,6660.0,0.0
2026-W29,LUN-PD-GLD,ecom,30,5400.0,0.0
2026-W30,LUN-PD-GLD,store,41,7380.0,0.0
2026-W30,LUN-PD-GLD,ecom,30,5400.0,0.0
2026-W31,LUN-PD-GLD,store,43,7740.0,0.0
2026-W31,LUN-PD-GLD,ecom,31,5580.0,0.0
2026-W06,LUN-PD-SLV,store,40,6600.0,0.0
2026-W06,LUN-PD-SLV,ecom,27,4455.0,0.0
2026-W07,LUN-PD-SLV,store,44,7260.0,0.0
2026-W07,LUN-PD-SLV,ecom,30,4950.0,0.0
2026-W08,LUN-PD-SLV,store,42,6930.0,0.0
2026-W08,LUN-PD-SLV,ecom,28,4620.0,0.0
2026-W09,LUN-PD-SLV,store,44,7260.0,0.0
2026-W09,LUN-PD-SLV,ecom,34,5610.0,0.0
2026-W10,LUN-PD-SLV,store,46,7590.0,0.0
2026-W10,LUN-PD-SLV,ecom,34,5610.0,0.0
2026-W11,LUN-PD-SLV,store,44,7260.0,0.0
2026-W11,LUN-PD-SLV,ecom,30,4950.0,0.0
2026-W12,LUN-PD-SLV,store,38,6270.0,0.0
2026-W12,LUN-PD-SLV,ecom,30,4950.0,0.0
2026-W13,LUN-PD-SLV,store,43,7095.0,0.0
2026-W13,LUN-PD-SLV,ecom,30,4950.0,0.0
2026-W14,LUN-PD-SLV,store,43,7095.0,0.0
2026-W14,LUN-PD-SLV,ecom,33,5445.0,0.0
2026-W15,LUN-PD-SLV,store,35,5775.0,0.0
2026-W15,LUN-PD-SLV,ecom,28,4620.0,0.0
2026-W16,LUN-PD-SLV,store,41,6765.0,0.0
2026-W16,LUN-PD-SLV,ecom,31,5115.0,0.0
2026-W17,LUN-PD-SLV,store,46,7590.0,0.0
2026-W17,LUN-PD-SLV,ecom,33,5445.0,0.0
2026-W18,LUN-PD-SLV,store,43,7095.0,0.0
2026-W18,LUN-PD-SLV,ecom,31,5115.0,0.0
2026-W19,LUN-PD-SLV,store,37,6105.0,0.0
2026-W19,LUN-PD-SLV,ecom,29,4785.0,0.0
2026-W20,LUN-PD-SLV,store,48,7920.0,0.0
2026-W20,LUN-PD-SLV,ecom,31,5115.0,0.0
2026-W21,LUN-PD-SLV,store,50,7425.0,0.1
2026-W21,LUN-PD-SLV,ecom,33,4900.5,0.1
2026-W22,LUN-PD-SLV,store,45,6682.5,0.1
2026-W22,LUN-PD-SLV,ecom,34,5049.0,0.1
2026-W23,LUN-PD-SLV,store,46,6831.0,0.1
2026-W23,LUN-PD-SLV,ecom,34,5049.0,0.1
2026-W24,LUN-PD-SLV,store,44,6534.0,0.1
2026-W24,LUN-PD-SLV,ecom,32,4752.0,0.1
2026-W25,LUN-PD-SLV,store,44,6534.0,0.1
2026-W25,LUN-PD-SLV,ecom,32,4752.0,0.1
2026-W26,LUN-PD-SLV,store,49,7276.5,0.1
2026-W26,LUN-PD-SLV,ecom,32,4752.0,0.1
2026-W27,LUN-PD-SLV,store,38,6270.0,0.0
2026-W27,LUN-PD-SLV,ecom,28,4620.0,0.0
2026-W28,LUN-PD-SLV,store,45,7425.0,0.0
2026-W28,LUN-PD-SLV,ecom,31,5115.0,0.0
2026-W29,LUN-PD-SLV,store,42,6930.0,0.0
2026-W29,LUN-PD-SLV,ecom,30,4950.0,0.0
2026-W30,LUN-PD-SLV,store,35,5775.0,0.0
2026-W30,LUN-PD-SLV,ecom,29,4785.0,0.0
2026-W31,LUN-PD-SLV,store,43,7095.0,0.0
2026-W31,LUN-PD-SLV,ecom,30,4950.0,0.0
2026-W06,ORL-HP-GLD,store,66,9240.0,0.0
2026-W06,ORL-HP-GLD,ecom,46,6440.0,0.0
2026-W07,ORL-HP-GLD,store,63,8820.0,0.0
2026-W07,ORL-HP-GLD,ecom,50,7000.0,0.0
2026-W08,ORL-HP-GLD,store,60,8400.0,0.0
2026-W08,ORL-HP-GLD,ecom,47,6580.0,0.0
2026-W09,ORL-HP-GLD,store,79,11060.0,0.0
2026-W09,ORL-HP-GLD,ecom,57,7980.0,0.0
2026-W10,ORL-HP-GLD,store,74,10360.0,0.0
2026-W10,ORL-HP-GLD,ecom,51,7140.0,0.0
2026-W11,ORL-HP-GLD,store,61,8540.0,0.0
2026-W11,ORL-HP-GLD,ecom,41,5740.0,0.0
2026-W12,ORL-HP-GLD,store,70,9800.0,0.0
2026-W12,ORL-HP-GLD,ecom,50,7000.0,0.0
2026-W13,ORL-HP-GLD,store,71,9940.0,0.0
2026-W13,ORL-HP-GLD,ecom,57,7980.0,0.0
2026-W14,ORL-HP-GLD,store,57,7980.0,0.0
2026-W14,ORL-HP-GLD,ecom,46,6440.0,0.0
2026-W15,ORL-HP-GLD,store,65,9100.0,0.0
2026-W15,ORL-HP-GLD,ecom,47,6580.0,0.0
2026-W16,ORL-HP-GLD,store,76,10640.0,0.0
2026-W16,ORL-HP-GLD,ecom,50,7000.0,0.0
2026-W17,ORL-HP-GLD,store,66,9240.0,0.0
2026-W17,ORL-HP-GLD,ecom,44,6160.0,0.0
2026-W18,ORL-HP-GLD,store,73,10220.0,0.0
2026-W18,ORL-HP-GLD,ecom,48,6720.0,0.0
2026-W19,ORL-HP-GLD,store,72,10080.0,0.0
2026-W19,ORL-HP-GLD,ecom,46,6440.0,0.0
2026-W20,ORL-HP-GLD,store,70,9800.0,0.0
2026-W20,ORL-HP-GLD,ecom,55,7700.0,0.0
2026-W21,ORL-HP-GLD,store,93,10416.0,0.2
2026-W21,ORL-HP-GLD,ecom,62,6944.0,0.2
2026-W22,ORL-HP-GLD,store,90,10080.0,0.2
2026-W22,ORL-HP-GLD,ecom,64,7168.0,0.2
2026-W23,ORL-HP-GLD,store,82,9184.0,0.2
2026-W23,ORL-HP-GLD,ecom,62,6944.0,0.2
2026-W24,ORL-HP-GLD,store,96,10752.0,0.2
2026-W24,ORL-HP-GLD,ecom,72,8064.0,0.2
2026-W25,ORL-HP-GLD,store,97,10864.0,0.2
2026-W25,ORL-HP-GLD,ecom,76,8512.0,0.2
2026-W26,ORL-HP-GLD,store,90,10080.0,0.2
2026-W26,ORL-HP-GLD,ecom,65,7280.0,0.2
2026-W27,ORL-HP-GLD,store,51,7140.0,0.0
2026-W27,ORL-HP-GLD,ecom,37,5180.0,0.0
2026-W28,ORL-HP-GLD,store,52,7280.0,0.0
2026-W28,ORL-HP-GLD,ecom,40,5600.0,0.0
2026-W29,ORL-HP-GLD,store,46,6440.0,0.0
2026-W29,ORL-HP-GLD,ecom,38,5320.0,0.0
2026-W30,ORL-HP-GLD,store,46,6440.0,0.0
2026-W30,ORL-HP-GLD,ecom,36,5040.0,0.0
2026-W31,ORL-HP-GLD,store,46,6440.0,0.0
2026-W31,ORL-HP-GLD,ecom,30,4200.0,0.0
2026-W06,ORL-HP-SLV,store,52,6760.0,0.0
2026-W06,ORL-HP-SLV,ecom,38,4940.0,0.0
2026-W07,ORL-HP-SLV,store,48,6240.0,0.0
2026-W07,ORL-HP-SLV,ecom,37,4810.0,0.0
2026-W08,ORL-HP-SLV,store,56,7280.0,0.0
2026-W08,ORL-HP-SLV,ecom,39,5070.0,0.0
2026-W09,ORL-HP-SLV,store,61,7930.0,0.0
2026-W09,ORL-HP-SLV,ecom,42,5460.0,0.0
2026-W10,ORL-HP-SLV,store,53,6890.0,0.0
2026-W10,ORL-HP-SLV,ecom,41,5330.0,0.0
2026-W11,ORL-HP-SLV,store,57,7410.0,0.0
2026-W11,ORL-HP-SLV,ecom,37,4810.0,0.0
2026-W12,ORL-HP-SLV,store,47,6110.0,0.0
2026-W12,ORL-HP-SLV,ecom,39,5070.0,0.0
2026-W13,ORL-HP-SLV,store,48,6240.0,0.0
2026-W13,ORL-HP-SLV,ecom,35,4550.0,0.0
2026-W14,ORL-HP-SLV,store,49,6370.0,0.0
2026-W14,ORL-HP-SLV,ecom,39,5070.0,0.0
2026-W15,ORL-HP-SLV,store,54,7020.0,0.0
2026-W15,ORL-HP-SLV,ecom,37,4810.0,0.0
2026-W16,ORL-HP-SLV,store,55,7150.0,0.0
2026-W16,ORL-HP-SLV,ecom,40,5200.0,0.0
2026-W17,ORL-HP-SLV,store,47,6110.0,0.0
2026-W17,ORL-HP-SLV,ecom,37,4810.0,0.0
2026-W18,ORL-HP-SLV,store,51,6630.0,0.0
2026-W18,ORL-HP-SLV,ecom,40,5200.0,0.0
2026-W19,ORL-HP-SLV,store,47,6110.0,0.0
2026-W19,ORL-HP-SLV,ecom,34,4420.0,0.0
2026-W20,ORL-HP-SLV,store,49,6370.0,0.0
2026-W20,ORL-HP-SLV,ecom,37,4810.0,0.0
2026-W21,ORL-HP-SLV,store,68,7956.0,0.1
2026-W21,ORL-HP-SLV,ecom,44,5148.0,0.1
2026-W22,ORL-HP-SLV,store,57,6669.0,0.1
2026-W22,ORL-HP-SLV,ecom,40,4680.0,0.1
2026-W23,ORL-HP-SLV,store,62,7254.0,0.1
2026-W23,ORL-HP-SLV,ecom,46,5382.0,0.1
2026-W24,ORL-HP-SLV,store,60,7020.0,0.1
2026-W24,ORL-HP-SLV,ecom,40,4680.0,0.1
2026-W25,ORL-HP-SLV,store,54,6318.0,0.1
2026-W25,ORL-HP-SLV,ecom,41,4797.0,0.1
2026-W26,ORL-HP-SLV,store,51,5967.0,0.1
2026-W26,ORL-HP-SLV,ecom,42,4914.0,0.1
2026-W27,ORL-HP-SLV,store,52,6760.0,0.0
2026-W27,ORL-HP-SLV,ecom,33,4290.0,0.0
2026-W28,ORL-HP-SLV,store,54,7020.0,0.0
2026-W28,ORL-HP-SLV,ecom,35,4550.0,0.0
2026-W29,ORL-HP-SLV,store,57,7410.0,0.0
2026-W29,ORL-HP-SLV,ecom,39,5070.0,0.0
2026-W30,ORL-HP-SLV,store,44,5720.0,0.0
2026-W30,ORL-HP-SLV,ecom,35,4550.0,0.0
2026-W31,ORL-HP-SLV,store,55,7150.0,0.0
2026-W31,ORL-HP-SLV,ecom,35,4550.0,0.0
2026-W06,IVY-CF-GLD,store,22,5280.0,0.0
2026-W06,IVY-CF-GLD,ecom,17,4080.0,0.0
2026-W07,IVY-CF-GLD,store,21,5040.0,0.0
2026-W07,IVY-CF-GLD,ecom,17,4080.0,0.0
2026-W08,IVY-CF-GLD,store,27,6480.0,0.0
2026-W08,IVY-CF-GLD,ecom,19,4560.0,0.0
2026-W09,IVY-CF-GLD,store,27,6480.0,0.0
2026-W09,IVY-CF-GLD,ecom,20,4800.0,0.0
2026-W10,IVY-CF-GLD,store,27,6480.0,0.0
2026-W10,IVY-CF-GLD,ecom,18,4320.0,0.0
2026-W11,IVY-CF-GLD,store,22,5280.0,0.0
2026-W11,IVY-CF-GLD,ecom,14,3360.0,0.0
2026-W12,IVY-CF-GLD,store,26,6240.0,0.0
2026-W12,IVY-CF-GLD,ecom,17,4080.0,0.0
2026-W13,IVY-CF-GLD,store,21,5040.0,0.0
2026-W13,IVY-CF-GLD,ecom,17,4080.0,0.0
2026-W14,IVY-CF-GLD,store,24,5760.0,0.0
2026-W14,IVY-CF-GLD,ecom,19,4560.0,0.0
2026-W15,IVY-CF-GLD,store,24,5760.0,0.0
2026-W15,IVY-CF-GLD,ecom,19,4560.0,0.0
2026-W16,IVY-CF-GLD,store,24,5760.0,0.0
2026-W16,IVY-CF-GLD,ecom,15,3600.0,0.0
2026-W17,IVY-CF-GLD,store,24,5760.0,0.0
2026-W17,IVY-CF-GLD,ecom,20,4800.0,0.0
2026-W18,IVY-CF-GLD,store,24,5760.0,0.0
2026-W18,IVY-CF-GLD,ecom,19,4560.0,0.0
2026-W19,IVY-CF-GLD,store,23,5520.0,0.0
2026-W19,IVY-CF-GLD,ecom,16,3840.0,0.0
2026-W20,IVY-CF-GLD,store,25,6000.0,0.0
2026-W20,IVY-CF-GLD,ecom,17,4080.0,0.0
2026-W21,IVY-CF-GLD,store,28,6048.0,0.1
2026-W21,IVY-CF-GLD,ecom,18,3888.0,0.1
2026-W22,IVY-CF-GLD,store,23,4968.0,0.1
2026-W22,IVY-CF-GLD,ecom,19,4104.0,0.1
2026-W23,IVY-CF-GLD,store,27,5832.0,0.1
2026-W23,IVY-CF-GLD,ecom,19,4104.0,0.1
2026-W24,IVY-CF-GLD,store,27,5832.0,0.1
2026-W24,IVY-CF-GLD,ecom,22,4752.0,0.1
2026-W25,IVY-CF-GLD,store,30,6480.0,0.1
2026-W25,IVY-CF-GLD,ecom,19,4104.0,0.1
2026-W26,IVY-CF-GLD,store,23,4968.0,0.1
2026-W26,IVY-CF-GLD,ecom,19,4104.0,0.1
2026-W27,IVY-CF-GLD,store,26,6240.0,0.0
2026-W27,IVY-CF-GLD,ecom,17,4080.0,0.0
2026-W28,IVY-CF-GLD,store,23,5520.0,0.0
2026-W28,IVY-CF-GLD,ecom,16,3840.0,0.0
2026-W29,IVY-CF-GLD,store,24,5760.0,0.0
2026-W29,IVY-CF-GLD,ecom,18,4320.0,0.0
2026-W30,IVY-CF-GLD,store,24,5760.0,0.0
2026-W30,IVY-CF-GLD,ecom,17,4080.0,0.0
2026-W31,IVY-CF-GLD,store,25,6000.0,0.0
2026-W31,IVY-CF-GLD,ecom,19,4560.0,0.0
2026-W06,NOV-ST-GLD,store,59,6490.0,0.0
2026-W06,NOV-ST-GLD,ecom,43,4730.0,0.0
2026-W07,NOV-ST-GLD,store,48,5280.0,0.0
2026-W07,NOV-ST-GLD,ecom,38,4180.0,0.0
2026-W08,NOV-ST-GLD,store,62,6820.0,0.0
2026-W08,NOV-ST-GLD,ecom,46,5060.0,0.0
2026-W09,NOV-ST-GLD,store,59,6490.0,0.0
2026-W09,NOV-ST-GLD,ecom,42,4620.0,0.0
2026-W10,NOV-ST-GLD,store,61,6710.0,0.0
2026-W10,NOV-ST-GLD,ecom,41,4510.0,0.0
2026-W11,NOV-ST-GLD,store,49,5390.0,0.0
2026-W11,NOV-ST-GLD,ecom,38,4180.0,0.0
2026-W12,NOV-ST-GLD,store,52,5720.0,0.0
2026-W12,NOV-ST-GLD,ecom,40,4400.0,0.0
2026-W13,NOV-ST-GLD,store,61,6710.0,0.0
2026-W13,NOV-ST-GLD,ecom,39,4290.0,0.0
2026-W14,NOV-ST-GLD,store,54,5940.0,0.0
2026-W14,NOV-ST-GLD,ecom,41,4510.0,0.0
2026-W15,NOV-ST-GLD,store,57,6270.0,0.0
2026-W15,NOV-ST-GLD,ecom,43,4730.0,0.0
2026-W16,NOV-ST-GLD,store,55,6050.0,0.0
2026-W16,NOV-ST-GLD,ecom,40,4400.0,0.0
2026-W17,NOV-ST-GLD,store,63,6930.0,0.0
2026-W17,NOV-ST-GLD,ecom,44,4840.0,0.0
2026-W18,NOV-ST-GLD,store,53,5830.0,0.0
2026-W18,NOV-ST-GLD,ecom,39,4290.0,0.0
2026-W19,NOV-ST-GLD,store,56,6160.0,0.0
2026-W19,NOV-ST-GLD,ecom,38,4180.0,0.0
2026-W20,NOV-ST-GLD,store,59,6490.0,0.0
2026-W20,NOV-ST-GLD,ecom,39,4290.0,0.0
2026-W21,NOV-ST-GLD,store,60,5940.0,0.1
2026-W21,NOV-ST-GLD,ecom,46,4554.0,0.1
2026-W22,NOV-ST-GLD,store,58,5742.0,0.1
2026-W22,NOV-ST-GLD,ecom,43,4257.0,0.1
2026-W23,NOV-ST-GLD,store,63,6237.0,0.1
2026-W23,NOV-ST-GLD,ecom,41,4059.0,0.1
2026-W24,NOV-ST-GLD,store,67,6633.0,0.1
2026-W24,NOV-ST-GLD,ecom,46,4554.0,0.1
2026-W25,NOV-ST-GLD,store,58,5742.0,0.1
2026-W25,NOV-ST-GLD,ecom,46,4554.0,0.1
2026-W26,NOV-ST-GLD,store,36,3564.0,0.1
2026-W26,NOV-ST-GLD,ecom,29,2871.0,0.1
2026-W27,NOV-ST-GLD,store,35,3850.0,0.0
2026-W27,NOV-ST-GLD,ecom,26,2860.0,0.0
2026-W28,NOV-ST-GLD,store,35,3850.0,0.0
2026-W28,NOV-ST-GLD,ecom,24,2640.0,0.0
2026-W29,NOV-ST-GLD,store,37,4070.0,0.0
2026-W29,NOV-ST-GLD,ecom,26,2860.0,0.0
2026-W30,NOV-ST-GLD,store,30,3300.0,0.0
2026-W30,NOV-ST-GLD,ecom,24,2640.0,0.0
2026-W31,NOV-ST-GLD,store,37,4070.0,0.0
2026-W31,NOV-ST-GLD,ecom,25,2750.0,0.0
2026-W06,NOV-ST-SLV,store,46,4600.0,0.0
2026-W06,NOV-ST-SLV,ecom,35,3500.0,0.0
2026-W07,NOV-ST-SLV,store,40,4000.0,0.0
2026-W07,NOV-ST-SLV,ecom,27,2700.0,0.0
2026-W08,NOV-ST-SLV,store,46,4600.0,0.0
2026-W08,NOV-ST-SLV,ecom,36,3600.0,0.0
2026-W09,NOV-ST-SLV,store,49,4900.0,0.0
2026-W09,NOV-ST-SLV,ecom,37,3700.0,0.0
2026-W10,NOV-ST-SLV,store,49,4900.0,0.0
2026-W10,NOV-ST-SLV,ecom,32,3200.0,0.0
2026-W11,NOV-ST-SLV,store,45,4500.0,0.0
2026-W11,NOV-ST-SLV,ecom,31,3100.0,0.0
2026-W12,NOV-ST-SLV,store,47,4700.0,0.0
2026-W12,NOV-ST-SLV,ecom,31,3100.0,0.0
2026-W13,NOV-ST-SLV,store,46,4600.0,0.0
2026-W13,NOV-ST-SLV,ecom,34,3400.0,0.0
2026-W14,NOV-ST-SLV,store,44,4400.0,0.0
2026-W14,NOV-ST-SLV,ecom,35,3500.0,0.0
2026-W15,NOV-ST-SLV,store,42,4200.0,0.0
2026-W15,NOV-ST-SLV,ecom,32,3200.0,0.0
2026-W16,NOV-ST-SLV,store,50,5000.0,0.0
2026-W16,NOV-ST-SLV,ecom,35,3500.0,0.0
2026-W17,NOV-ST-SLV,store,47,4700.0,0.0
2026-W17,NOV-ST-SLV,ecom,35,3500.0,0.0
2026-W18,NOV-ST-SLV,store,44,4400.0,0.0
2026-W18,NOV-ST-SLV,ecom,31,3100.0,0.0
2026-W19,NOV-ST-SLV,store,43,4300.0,0.0
2026-W19,NOV-ST-SLV,ecom,31,3100.0,0.0
2026-W20,NOV-ST-SLV,store,50,5000.0,0.0
2026-W20,NOV-ST-SLV,ecom,34,3400.0,0.0
2026-W21,NOV-ST-SLV,store,54,4860.0,0.1
2026-W21,NOV-ST-SLV,ecom,37,3330.0,0.1
2026-W22,NOV-ST-SLV,store,47,4230.0,0.1
2026-W22,NOV-ST-SLV,ecom,36,3240.0,0.1
2026-W23,NOV-ST-SLV,store,52,4680.0,0.1
2026-W23,NOV-ST-SLV,ecom,34,3060.0,0.1
2026-W24,NOV-ST-SLV,store,48,4320.0,0.1
2026-W24,NOV-ST-SLV,ecom,36,3240.0,0.1
2026-W25,NOV-ST-SLV,store,55,4950.0,0.1
2026-W25,NOV-ST-SLV,ecom,42,3780.0,0.1
2026-W26,NOV-ST-SLV,store,49,4410.0,0.1
2026-W26,NOV-ST-SLV,ecom,40,3600.0,0.1
2026-W27,NOV-ST-SLV,store,44,4400.0,0.0
2026-W27,NOV-ST-SLV,ecom,32,3200.0,0.0
2026-W28,NOV-ST-SLV,store,43,4300.0,0.0
2026-W28,NOV-ST-SLV,ecom,32,3200.0,0.0
2026-W29,NOV-ST-SLV,store,46,4600.0,0.0
2026-W29,NOV-ST-SLV,ecom,36,3600.0,0.0
2026-W30,NOV-ST-SLV,store,48,4800.0,0.0
2026-W30,NOV-ST-SLV,ecom,33,3300.0,0.0
2026-W31,NOV-ST-SLV,store,40,4000.0,0.0
2026-W31,NOV-ST-SLV,ecom,28,2800.0,0.0
2026-W06,THE-CH-GLD,store,27,5670.0,0.0
2026-W06,THE-CH-GLD,ecom,22,4620.0,0.0
2026-W07,THE-CH-GLD,store,28,5880.0,0.0
2026-W07,THE-CH-GLD,ecom,18,3780.0,0.0
2026-W08,THE-CH-GLD,store,32,6720.0,0.0
2026-W08,THE-CH-GLD,ecom,22,4620.0,0.0
2026-W09,THE-CH-GLD,store,34,7140.0,0.0
2026-W09,THE-CH-GLD,ecom,23,4830.0,0.0
2026-W10,THE-CH-GLD,store,30,6300.0,0.0
2026-W10,THE-CH-GLD,ecom,19,3990.0,0.0
2026-W11,THE-CH-GLD,store,25,5250.0,0.0
2026-W11,THE-CH-GLD,ecom,20,4200.0,0.0
2026-W12,THE-CH-GLD,store,32,6720.0,0.0
2026-W12,THE-CH-GLD,ecom,22,4620.0,0.0
2026-W13,THE-CH-GLD,store,28,5880.0,0.0
2026-W13,THE-CH-GLD,ecom,20,4200.0,0.0
2026-W14,THE-CH-GLD,store,30,6300.0,0.0
2026-W14,THE-CH-GLD,ecom,23,4830.0,0.0
2026-W15,THE-CH-GLD,store,25,5250.0,0.0
2026-W15,THE-CH-GLD,ecom,19,3990.0,0.0
2026-W16,THE-CH-GLD,store,28,5880.0,0.0
2026-W16,THE-CH-GLD,ecom,22,4620.0,0.0
2026-W17,THE-CH-GLD,store,28,5880.0,0.0
2026-W17,THE-CH-GLD,ecom,20,4200.0,0.0
2026-W18,THE-CH-GLD,store,26,5460.0,0.0
2026-W18,THE-CH-GLD,ecom,21,4410.0,0.0
2026-W19,THE-CH-GLD,store,30,6300.0,0.0
2026-W19,THE-CH-GLD,ecom,22,4620.0,0.0
2026-W20,THE-CH-GLD,store,30,6300.0,0.0
2026-W20,THE-CH-GLD,ecom,19,3990.0,0.0
2026-W21,THE-CH-GLD,store,32,6048.0,0.1
2026-W21,THE-CH-GLD,ecom,25,4725.0,0.1
2026-W22,THE-CH-GLD,store,33,6237.0,0.1
2026-W22,THE-CH-GLD,ecom,23,4347.0,0.1
2026-W23,THE-CH-GLD,store,29,5481.0,0.1
2026-W23,THE-CH-GLD,ecom,23,4347.0,0.1
2026-W24,THE-CH-GLD,store,32,6048.0,0.1
2026-W24,THE-CH-GLD,ecom,23,4347.0,0.1
2026-W25,THE-CH-GLD,store,33,6237.0,0.1
2026-W25,THE-CH-GLD,ecom,22,4158.0,0.1
2026-W26,THE-CH-GLD,store,33,6237.0,0.1
2026-W26,THE-CH-GLD,ecom,23,4347.0,0.1
2026-W27,THE-CH-GLD,store,27,5670.0,0.0
2026-W27,THE-CH-GLD,ecom,21,4410.0,0.0
2026-W28,THE-CH-GLD,store,28,5880.0,0.0
2026-W28,THE-CH-GLD,ecom,22,4620.0,0.0
2026-W29,THE-CH-GLD,store,29,6090.0,0.0
2026-W29,THE-CH-GLD,ecom,19,3990.0,0.0
2026-W30,THE-CH-GLD,store,25,5250.0,0.0
2026-W30,THE-CH-GLD,ecom,19,3990.0,0.0
2026-W31,THE-CH-GLD,store,30,6300.0,0.0
2026-W31,THE-CH-GLD,ecom,20,4200.0,0.0
2026-W06,SOL-AV-GLD,store,30,5850.0,0.0
2026-W06,SOL-AV-GLD,ecom,21,4095.0,0.0
2026-W07,SOL-AV-GLD,store,31,6045.0,0.0
2026-W07,SOL-AV-GLD,ecom,23,4485.0,0.0
2026-W08,SOL-AV-GLD,store,37,7215.0,0.0
2026-W08,SOL-AV-GLD,ecom,25,4875.0,0.0
2026-W09,SOL-AV-GLD,store,34,6630.0,0.0
2026-W09,SOL-AV-GLD,ecom,25,4875.0,0.0
2026-W10,SOL-AV-GLD,store,32,6240.0,0.0
2026-W10,SOL-AV-GLD,ecom,24,4680.0,0.0
2026-W11,SOL-AV-GLD,store,29,5655.0,0.0
2026-W11,SOL-AV-GLD,ecom,23,4485.0,0.0
2026-W12,SOL-AV-GLD,store,33,6435.0,0.0
2026-W12,SOL-AV-GLD,ecom,26,5070.0,0.0
2026-W13,SOL-AV-GLD,store,30,5850.0,0.0
2026-W13,SOL-AV-GLD,ecom,23,4485.0,0.0
2026-W14,SOL-AV-GLD,store,36,7020.0,0.0
2026-W14,SOL-AV-GLD,ecom,23,4485.0,0.0
2026-W15,SOL-AV-GLD,store,33,6435.0,0.0
2026-W15,SOL-AV-GLD,ecom,22,4290.0,0.0
2026-W16,SOL-AV-GLD,store,33,6435.0,0.0
2026-W16,SOL-AV-GLD,ecom,26,5070.0,0.0
2026-W17,SOL-AV-GLD,store,29,5655.0,0.0
2026-W17,SOL-AV-GLD,ecom,24,4680.0,0.0
2026-W18,SOL-AV-GLD,store,31,6045.0,0.0
2026-W18,SOL-AV-GLD,ecom,21,4095.0,0.0
2026-W19,SOL-AV-GLD,store,32,6240.0,0.0
2026-W19,SOL-AV-GLD,ecom,22,4290.0,0.0
2026-W20,SOL-AV-GLD,store,28,5460.0,0.0
2026-W20,SOL-AV-GLD,ecom,20,3900.0,0.0
2026-W21,SOL-AV-GLD,store,34,5967.0,0.1
2026-W21,SOL-AV-GLD,ecom,28,4914.0,0.1
2026-W22,SOL-AV-GLD,store,32,5616.0,0.1
2026-W22,SOL-AV-GLD,ecom,23,4036.5,0.1
2026-W23,SOL-AV-GLD,store,31,5440.5,0.1
2026-W23,SOL-AV-GLD,ecom,24,4212.0,0.1
2026-W24,SOL-AV-GLD,store,31,5440.5,0.1
2026-W24,SOL-AV-GLD,ecom,24,4212.0,0.1
2026-W25,SOL-AV-GLD,store,30,5265.0,0.1
2026-W25,SOL-AV-GLD,ecom,22,3861.0,0.1
2026-W26,SOL-AV-GLD,store,28,4914.0,0.1
2026-W26,SOL-AV-GLD,ecom,20,3510.0,0.1
2026-W27,SOL-AV-GLD,store,22,4290.0,0.0
2026-W27,SOL-AV-GLD,ecom,16,3120.0,0.0
2026-W28,SOL-AV-GLD,store,21,4095.0,0.0
2026-W28,SOL-AV-GLD,ecom,14,2730.0,0.0
2026-W29,SOL-AV-GLD,store,21,4095.0,0.0
2026-W29,SOL-AV-GLD,ecom,13,2535.0,0.0
2026-W30,SOL-AV-GLD,store,22,4290.0,0.0
2026-W30,SOL-AV-GLD,ecom,14,2730.0,0.0
2026-W31,SOL-AV-GLD,store,21,4095.0,0.0
2026-W31,SOL-AV-GLD,ecom,15,2925.0,0.0
2026-W06,SOL-AV-BLK,store,26,5070.0,0.0
2026-W06,SOL-AV-BLK,ecom,18,3510.0,0.0
2026-W07,SOL-AV-BLK,store,24,4680.0,0.0
2026-W07,SOL-AV-BLK,ecom,17,3315.0,0.0
2026-W08,SOL-AV-BLK,store,27,5265.0,0.0
2026-W08,SOL-AV-BLK,ecom,20,3900.0,0.0
2026-W09,SOL-AV-BLK,store,27,5265.0,0.0
2026-W09,SOL-AV-BLK,ecom,20,3900.0,0.0
2026-W10,SOL-AV-BLK,store,29,5655.0,0.0
2026-W10,SOL-AV-BLK,ecom,22,4290.0,0.0
2026-W11,SOL-AV-BLK,store,24,4680.0,0.0
2026-W11,SOL-AV-BLK,ecom,20,3900.0,0.0
2026-W12,SOL-AV-BLK,store,27,5265.0,0.0
2026-W12,SOL-AV-BLK,ecom,17,3315.0,0.0
2026-W13,SOL-AV-BLK,store,26,5070.0,0.0
2026-W13,SOL-AV-BLK,ecom,20,3900.0,0.0
2026-W14,SOL-AV-BLK,store,25,4875.0,0.0
2026-W14,SOL-AV-BLK,ecom,19,3705.0,0.0
2026-W15,SOL-AV-BLK,store,25,4875.0,0.0
2026-W15,SOL-AV-BLK,ecom,16,3120.0,0.0
2026-W16,SOL-AV-BLK,store,26,5070.0,0.0
2026-W16,SOL-AV-BLK,ecom,18,3510.0,0.0
2026-W17,SOL-AV-BLK,store,27,5265.0,0.0
2026-W17,SOL-AV-BLK,ecom,18,3510.0,0.0
2026-W18,SOL-AV-BLK,store,24,4680.0,0.0
2026-W18,SOL-AV-BLK,ecom,16,3120.0,0.0
2026-W19,SOL-AV-BLK,store,25,4875.0,0.0
2026-W19,SOL-AV-BLK,ecom,18,3510.0,0.0
2026-W20,SOL-AV-BLK,store,25,4875.0,0.0
2026-W20,SOL-AV-BLK,ecom,20,3900.0,0.0
2026-W21,SOL-AV-BLK,store,26,4563.0,0.1
2026-W21,SOL-AV-BLK,ecom,20,3510.0,0.1
2026-W22,SOL-AV-BLK,store,24,4212.0,0.1
2026-W22,SOL-AV-BLK,ecom,20,3510.0,0.1
2026-W23,SOL-AV-BLK,store,26,4563.0,0.1
2026-W23,SOL-AV-BLK,ecom,19,3334.5,0.1
2026-W24,SOL-AV-BLK,store,24,4212.0,0.1
2026-W24,SOL-AV-BLK,ecom,19,3334.5,0.1
2026-W25,SOL-AV-BLK,store,22,3861.0,0.1
2026-W25,SOL-AV-BLK,ecom,18,3159.0,0.1
2026-W26,SOL-AV-BLK,store,21,3685.5,0.1
2026-W26,SOL-AV-BLK,ecom,15,2632.5,0.1
2026-W27,SOL-AV-BLK,store,17,3315.0,0.0
2026-W27,SOL-AV-BLK,ecom,12,2340.0,0.0
2026-W28,SOL-AV-BLK,store,20,3900.0,0.0
2026-W28,SOL-AV-BLK,ecom,14,2730.0,0.0
2026-W29,SOL-AV-BLK,store,18,3510.0,0.0
2026-W29,SOL-AV-BLK,ecom,14,2730.0,0.0
2026-W30,SOL-AV-BLK,store,14,2730.0,0.0
2026-W30,SOL-AV-BLK,ecom,11,2145.0,0.0
2026-W31,SOL-AV-BLK,store,15,2925.0,0.0
2026-W31,SOL-AV-BLK,ecom,11,2145.0,0.0
2026-W06,MIR-CE-BLK,store,29,6090.0,0.0
2026-W06,MIR-CE-BLK,ecom,23,4830.0,0.0
2026-W07,MIR-CE-BLK,store,33,6930.0,0.0
2026-W07,MIR-CE-BLK,ecom,22,4620.0,0.0
2026-W08,MIR-CE-BLK,store,30,6300.0,0.0
2026-W08,MIR-CE-BLK,ecom,20,4200.0,0.0
2026-W09,MIR-CE-BLK,store,35,7350.0,0.0
2026-W09,MIR-CE-BLK,ecom,23,4830.0,0.0
2026-W10,MIR-CE-BLK,store,30,6300.0,0.0
2026-W10,MIR-CE-BLK,ecom,19,3990.0,0.0
2026-W11,MIR-CE-BLK,store,30,6300.0,0.0
2026-W11,MIR-CE-BLK,ecom,19,3990.0,0.0
2026-W12,MIR-CE-BLK,store,32,6720.0,0.0
2026-W12,MIR-CE-BLK,ecom,24,5040.0,0.0
2026-W13,MIR-CE-BLK,store,27,5670.0,0.0
2026-W13,MIR-CE-BLK,ecom,21,4410.0,0.0
2026-W14,MIR-CE-BLK,store,27,5670.0,0.0
2026-W14,MIR-CE-BLK,ecom,19,3990.0,0.0
2026-W15,MIR-CE-BLK,store,28,5880.0,0.0
2026-W15,MIR-CE-BLK,ecom,20,4200.0,0.0
2026-W16,MIR-CE-BLK,store,30,6300.0,0.0
2026-W16,MIR-CE-BLK,ecom,20,4200.0,0.0
2026-W17,MIR-CE-BLK,store,28,5880.0,0.0
2026-W17,MIR-CE-BLK,ecom,20,4200.0,0.0
2026-W18,MIR-CE-BLK,store,28,5880.0,0.0
2026-W18,MIR-CE-BLK,ecom,21,4410.0,0.0
2026-W19,MIR-CE-BLK,store,26,5460.0,0.0
2026-W19,MIR-CE-BLK,ecom,19,3990.0,0.0
2026-W20,MIR-CE-BLK,store,26,5460.0,0.0
2026-W20,MIR-CE-BLK,ecom,18,3780.0,0.0
2026-W21,MIR-CE-BLK,store,33,6237.0,0.1
2026-W21,MIR-CE-BLK,ecom,25,4725.0,0.1
2026-W22,MIR-CE-BLK,store,31,5859.0,0.1
2026-W22,MIR-CE-BLK,ecom,21,3969.0,0.1
2026-W23,MIR-CE-BLK,store,30,5670.0,0.1
2026-W23,MIR-CE-BLK,ecom,22,4158.0,0.1
2026-W24,MIR-CE-BLK,store,29,5481.0,0.1
2026-W24,MIR-CE-BLK,ecom,19,3591.0,0.1
2026-W25,MIR-CE-BLK,store,27,5103.0,0.1
2026-W25,MIR-CE-BLK,ecom,18,3402.0,0.1
2026-W26,MIR-CE-BLK,store,24,4536.0,0.1
2026-W26,MIR-CE-BLK,ecom,20,3780.0,0.1
2026-W27,MIR-CE-BLK,store,20,4200.0,0.0
2026-W27,MIR-CE-BLK,ecom,15,3150.0,0.0
2026-W28,MIR-CE-BLK,store,19,3990.0,0.0
2026-W28,MIR-CE-BLK,ecom,13,2730.0,0.0
2026-W29,MIR-CE-BLK,store,19,3990.0,0.0
2026-W29,MIR-CE-BLK,ecom,14,2940.0,0.0
2026-W30,MIR-CE-BLK,store,17,3570.0,0.0
2026-W30,MIR-CE-BLK,ecom,14,2940.0,0.0
2026-W31,MIR-CE-BLK,store,17,3570.0,0.0
2026-W31,MIR-CE-BLK,ecom,12,2520.0,0.0
2026-W06,MIR-CE-TOR,store,18,3780.0,0.0
2026-W06,MIR-CE-TOR,ecom,14,2940.0,0.0
2026-W07,MIR-CE-TOR,store,18,3780.0,0.0
2026-W07,MIR-CE-TOR,ecom,14,2940.0,0.0
2026-W08,MIR-CE-TOR,store,22,4620.0,0.0
2026-W08,MIR-CE-TOR,ecom,14,2940.0,0.0
2026-W09,MIR-CE-TOR,store,23,4830.0,0.0
2026-W09,MIR-CE-TOR,ecom,17,3570.0,0.0
2026-W10,MIR-CE-TOR,store,20,4200.0,0.0
2026-W10,MIR-CE-TOR,ecom,14,2940.0,0.0
2026-W11,MIR-CE-TOR,store,18,3780.0,0.0
2026-W11,MIR-CE-TOR,ecom,13,2730.0,0.0
2026-W12,MIR-CE-TOR,store,19,3990.0,0.0
2026-W12,MIR-CE-TOR,ecom,14,2940.0,0.0
2026-W13,MIR-CE-TOR,store,22,4620.0,0.0
2026-W13,MIR-CE-TOR,ecom,15,3150.0,0.0
2026-W14,MIR-CE-TOR,store,18,3780.0,0.0
2026-W14,MIR-CE-TOR,ecom,12,2520.0,0.0
2026-W15,MIR-CE-TOR,store,18,3780.0,0.0
2026-W15,MIR-CE-TOR,ecom,15,3150.0,0.0
2026-W16,MIR-CE-TOR,store,20,4200.0,0.0
2026-W16,MIR-CE-TOR,ecom,14,2940.0,0.0
2026-W17,MIR-CE-TOR,store,22,4620.0,0.0
2026-W17,MIR-CE-TOR,ecom,15,3150.0,0.0
2026-W18,MIR-CE-TOR,store,20,4200.0,0.0
2026-W18,MIR-CE-TOR,ecom,14,2940.0,0.0
2026-W19,MIR-CE-TOR,store,18,3780.0,0.0
2026-W19,MIR-CE-TOR,ecom,12,2520.0,0.0
2026-W20,MIR-CE-TOR,store,19,3990.0,0.0
2026-W20,MIR-CE-TOR,ecom,13,2730.0,0.0
2026-W21,MIR-CE-TOR,store,20,3780.0,0.1
2026-W21,MIR-CE-TOR,ecom,16,3024.0,0.1
2026-W22,MIR-CE-TOR,store,21,3969.0,0.1
2026-W22,MIR-CE-TOR,ecom,14,2646.0,0.1
2026-W23,MIR-CE-TOR,store,17,3213.0,0.1
2026-W23,MIR-CE-TOR,ecom,13,2457.0,0.1
2026-W24,MIR-CE-TOR,store,20,3780.0,0.1
2026-W24,MIR-CE-TOR,ecom,13,2457.0,0.1
2026-W25,MIR-CE-TOR,store,16,3024.0,0.1
2026-W25,MIR-CE-TOR,ecom,13,2457.0,0.1
2026-W26,MIR-CE-TOR,store,15,2835.0,0.1
2026-W26,MIR-CE-TOR,ecom,11,2079.0,0.1
2026-W27,MIR-CE-TOR,store,14,2940.0,0.0
2026-W27,MIR-CE-TOR,ecom,11,2310.0,0.0
2026-W28,MIR-CE-TOR,store,15,3150.0,0.0
2026-W28,MIR-CE-TOR,ecom,10,2100.0,0.0
2026-W29,MIR-CE-TOR,store,13,2730.0,0.0
2026-W29,MIR-CE-TOR,ecom,10,2100.0,0.0
2026-W30,MIR-CE-TOR,store,11,2310.0,0.0
2026-W30,MIR-CE-TOR,ecom,8,1680.0,0.0
2026-W31,MIR-CE-TOR,store,11,2310.0,0.0
2026-W31,MIR-CE-TOR,ecom,9,1890.0,0.0
2026-W06,KAI-RD-GLD,store,21,3885.0,0.0
2026-W06,KAI-RD-GLD,ecom,15,2775.0,0.0
2026-W07,KAI-RD-GLD,store,22,4070.0,0.0
2026-W07,KAI-RD-GLD,ecom,17,3145.0,0.0
2026-W08,KAI-RD-GLD,store,22,4070.0,0.0
2026-W08,KAI-RD-GLD,ecom,16,2960.0,0.0
2026-W09,KAI-RD-GLD,store,25,4625.0,0.0
2026-W09,KAI-RD-GLD,ecom,17,3145.0,0.0
2026-W10,KAI-RD-GLD,store,21,3885.0,0.0
2026-W10,KAI-RD-GLD,ecom,15,2775.0,0.0
2026-W11,KAI-RD-GLD,store,20,3700.0,0.0
2026-W11,KAI-RD-GLD,ecom,16,2960.0,0.0
2026-W12,KAI-RD-GLD,store,23,4255.0,0.0
2026-W12,KAI-RD-GLD,ecom,16,2960.0,0.0
2026-W13,KAI-RD-GLD,store,22,4070.0,0.0
2026-W13,KAI-RD-GLD,ecom,17,3145.0,0.0
2026-W14,KAI-RD-GLD,store,20,3700.0,0.0
2026-W14,KAI-RD-GLD,ecom,15,2775.0,0.0
2026-W15,KAI-RD-GLD,store,23,4255.0,0.0
2026-W15,KAI-RD-GLD,ecom,15,2775.0,0.0
2026-W16,KAI-RD-GLD,store,22,4070.0,0.0
2026-W16,KAI-RD-GLD,ecom,17,3145.0,0.0
2026-W17,KAI-RD-GLD,store,22,4070.0,0.0
2026-W17,KAI-RD-GLD,ecom,17,3145.0,0.0
2026-W18,KAI-RD-GLD,store,20,3700.0,0.0
2026-W18,KAI-RD-GLD,ecom,15,2775.0,0.0
2026-W19,KAI-RD-GLD,store,22,4070.0,0.0
2026-W19,KAI-RD-GLD,ecom,15,2775.0,0.0
2026-W20,KAI-RD-GLD,store,21,3885.0,0.0
2026-W20,KAI-RD-GLD,ecom,14,2590.0,0.0
2026-W21,KAI-RD-GLD,store,20,3330.0,0.1
2026-W21,KAI-RD-GLD,ecom,15,2497.5,0.1
2026-W22,KAI-RD-GLD,store,21,3496.5,0.1
2026-W22,KAI-RD-GLD,ecom,15,2497.5,0.1
2026-W23,KAI-RD-GLD,store,17,2830.5,0.1
2026-W23,KAI-RD-GLD,ecom,14,2331.0,0.1
2026-W24,KAI-RD-GLD,store,18,2997.0,0.1
2026-W24,KAI-RD-GLD,ecom,14,2331.0,0.1
2026-W25,KAI-RD-GLD,store,18,2997.0,0.1
2026-W25,KAI-RD-GLD,ecom,12,1998.0,0.1
2026-W26,KAI-RD-GLD,store,17,2830.5,0.1
2026-W26,KAI-RD-GLD,ecom,11,1831.5,0.1
2026-W27,KAI-RD-GLD,store,16,2960.0,0.0
2026-W27,KAI-RD-GLD,ecom,11,2035.0,0.0
2026-W28,KAI-RD-GLD,store,15,2775.0,0.0
2026-W28,KAI-RD-GLD,ecom,11,2035.0,0.0
2026-W29,KAI-RD-GLD,store,16,2960.0,0.0
2026-W29,KAI-RD-GLD,ecom,10,1850.0,0.0
2026-W30,KAI-RD-GLD,store,13,2405.0,0.0
2026-W30,KAI-RD-GLD,ecom,9,1665.0,0.0
2026-W31,KAI-RD-GLD,store,12,2220.0,0.0
2026-W31,KAI-RD-GLD,ecom,10,1850.0,0.0
2026-W06,KAI-RD-BLK,store,19,3515.0,0.0
2026-W06,KAI-RD-BLK,ecom,12,2220.0,0.0
2026-W07,KAI-RD-BLK,store,19,3515.0,0.0
2026-W07,KAI-RD-BLK,ecom,13,2405.0,0.0
2026-W08,KAI-RD-BLK,store,18,3330.0,0.0
2026-W08,KAI-RD-BLK,ecom,14,2590.0,0.0
2026-W09,KAI-RD-BLK,store,18,3330.0,0.0
2026-W09,KAI-RD-BLK,ecom,15,2775.0,0.0
2026-W10,KAI-RD-BLK,store,18,3330.0,0.0
2026-W10,KAI-RD-BLK,ecom,11,2035.0,0.0
2026-W11,KAI-RD-BLK,store,16,2960.0,0.0
2026-W11,KAI-RD-BLK,ecom,11,2035.0,0.0
2026-W12,KAI-RD-BLK,store,18,3330.0,0.0
2026-W12,KAI-RD-BLK,ecom,12,2220.0,0.0
2026-W13,KAI-RD-BLK,store,16,2960.0,0.0
2026-W13,KAI-RD-BLK,ecom,13,2405.0,0.0
2026-W14,KAI-RD-BLK,store,18,3330.0,0.0
2026-W14,KAI-RD-BLK,ecom,12,2220.0,0.0
2026-W15,KAI-RD-BLK,store,17,3145.0,0.0
2026-W15,KAI-RD-BLK,ecom,11,2035.0,0.0
2026-W16,KAI-RD-BLK,store,16,2960.0,0.0
2026-W16,KAI-RD-BLK,ecom,13,2405.0,0.0
2026-W17,KAI-RD-BLK,store,18,3330.0,0.0
2026-W17,KAI-RD-BLK,ecom,12,2220.0,0.0
2026-W18,KAI-RD-BLK,store,16,2960.0,0.0
2026-W18,KAI-RD-BLK,ecom,10,1850.0,0.0
2026-W19,KAI-RD-BLK,store,16,2960.0,0.0
2026-W19,KAI-RD-BLK,ecom,13,2405.0,0.0
2026-W20,KAI-RD-BLK,store,16,2960.0,0.0
2026-W20,KAI-RD-BLK,ecom,10,1850.0,0.0
2026-W21,KAI-RD-BLK,store,18,2997.0,0.1
2026-W21,KAI-RD-BLK,ecom,13,2164.5,0.1
2026-W22,KAI-RD-BLK,store,15,2497.5,0.1
2026-W22,KAI-RD-BLK,ecom,11,1831.5,0.1
2026-W23,KAI-RD-BLK,store,17,2830.5,0.1
2026-W23,KAI-RD-BLK,ecom,11,1831.5,0.1
2026-W24,KAI-RD-BLK,store,16,2664.0,0.1
2026-W24,KAI-RD-BLK,ecom,12,1998.0,0.1
2026-W25,KAI-RD-BLK,store,15,2497.5,0.1
2026-W25,KAI-RD-BLK,ecom,12,1998.0,0.1
2026-W26,KAI-RD-BLK,store,15,2497.5,0.1
2026-W26,KAI-RD-BLK,ecom,11,1831.5,0.1
2026-W27,KAI-RD-BLK,store,12,2220.0,0.0
2026-W27,KAI-RD-BLK,ecom,9,1665.0,0.0
2026-W28,KAI-RD-BLK,store,13,2405.0,0.0
2026-W28,KAI-RD-BLK,ecom,9,1665.0,0.0
2026-W29,KAI-RD-BLK,store,11,2035.0,0.0
2026-W29,KAI-RD-BLK,ecom,7,1295.0,0.0
2026-W30,KAI-RD-BLK,store,11,2035.0,0.0
2026-W30,KAI-RD-BLK,ecom,9,1665.0,0.0
2026-W31,KAI-RD-BLK,store,11,2035.0,0.0
2026-W31,KAI-RD-BLK,ecom,9,1665.0,0.0
2026-W06,ROW-BT-BLK,store,36,5400.0,0.0
2026-W06,ROW-BT-BLK,ecom,28,4200.0,0.0
2026-W07,ROW-BT-BLK,store,38,5700.0,0.0
2026-W07,ROW-BT-BLK,ecom,30,4500.0,0.0
2026-W08,ROW-BT-BLK,store,34,5100.0,0.0
2026-W08,ROW-BT-BLK,ecom,28,4200.0,0.0
2026-W09,ROW-BT-BLK,store,43,6450.0,0.0
2026-W09,ROW-BT-BLK,ecom,33,4950.0,0.0
2026-W10,ROW-BT-BLK,store,35,5250.0,0.0
2026-W10,ROW-BT-BLK,ecom,27,4050.0,0.0
2026-W11,ROW-BT-BLK,store,40,6000.0,0.0
2026-W11,ROW-BT-BLK,ecom,26,3900.0,0.0
2026-W12,ROW-BT-BLK,store,34,5100.0,0.0
2026-W12,ROW-BT-BLK,ecom,27,4050.0,0.0
2026-W13,ROW-BT-BLK,store,41,6150.0,0.0
2026-W13,ROW-BT-BLK,ecom,31,4650.0,0.0
2026-W14,ROW-BT-BLK,store,37,5550.0,0.0
2026-W14,ROW-BT-BLK,ecom,25,3750.0,0.0
2026-W15,ROW-BT-BLK,store,36,5400.0,0.0
2026-W15,ROW-BT-BLK,ecom,27,4050.0,0.0
2026-W16,ROW-BT-BLK,store,35,5250.0,0.0
2026-W16,ROW-BT-BLK,ecom,26,3900.0,0.0
2026-W17,ROW-BT-BLK,store,40,6000.0,0.0
2026-W17,ROW-BT-BLK,ecom,27,4050.0,0.0
2026-W18,ROW-BT-BLK,store,37,5550.0,0.0
2026-W18,ROW-BT-BLK,ecom,27,4050.0,0.0
2026-W19,ROW-BT-BLK,store,34,5100.0,0.0
2026-W19,ROW-BT-BLK,ecom,26,3900.0,0.0
2026-W20,ROW-BT-BLK,store,44,6600.0,0.0
2026-W20,ROW-BT-BLK,ecom,28,4200.0,0.0
2026-W21,ROW-BT-BLK,store,42,5670.0,0.1
2026-W21,ROW-BT-BLK,ecom,32,4320.0,0.1
2026-W22,ROW-BT-BLK,store,39,5265.0,0.1
2026-W22,ROW-BT-BLK,ecom,29,3915.0,0.1
2026-W23,ROW-BT-BLK,store,47,6345.0,0.1
2026-W23,ROW-BT-BLK,ecom,33,4455.0,0.1
2026-W24,ROW-BT-BLK,store,43,5805.0,0.1
2026-W24,ROW-BT-BLK,ecom,29,3915.0,0.1
2026-W25,ROW-BT-BLK,store,44,5940.0,0.1
2026-W25,ROW-BT-BLK,ecom,28,3780.0,0.1
2026-W26,ROW-BT-BLK,store,46,6210.0,0.1
2026-W26,ROW-BT-BLK,ecom,30,4050.0,0.1
2026-W27,ROW-BT-BLK,store,37,5550.0,0.0
2026-W27,ROW-BT-BLK,ecom,26,3900.0,0.0
2026-W28,ROW-BT-BLK,store,35,5250.0,0.0
2026-W28,ROW-BT-BLK,ecom,27,4050.0,0.0
2026-W29,ROW-BT-BLK,store,39,5850.0,0.0
2026-W29,ROW-BT-BLK,ecom,29,4350.0,0.0
2026-W30,ROW-BT-BLK,store,37,5550.0,0.0
2026-W30,ROW-BT-BLK,ecom,27,4050.0,0.0
2026-W31,ROW-BT-BLK,store,32,4800.0,0.0
2026-W31,ROW-BT-BLK,ecom,26,3900.0,0.0
2026-W06,ROW-BT-TAN,store,31,4650.0,0.0
2026-W06,ROW-BT-TAN,ecom,21,3150.0,0.0
2026-W07,ROW-BT-TAN,store,28,4200.0,0.0
2026-W07,ROW-BT-TAN,ecom,21,3150.0,0.0
2026-W08,ROW-BT-TAN,store,34,5100.0,0.0
2026-W08,ROW-BT-TAN,ecom,23,3450.0,0.0
2026-W09,ROW-BT-TAN,store,36,5400.0,0.0
2026-W09,ROW-BT-TAN,ecom,24,3600.0,0.0
2026-W10,ROW-BT-TAN,store,32,4800.0,0.0
2026-W10,ROW-BT-TAN,ecom,24,3600.0,0.0
2026-W11,ROW-BT-TAN,store,30,4500.0,0.0
2026-W11,ROW-BT-TAN,ecom,20,3000.0,0.0
2026-W12,ROW-BT-TAN,store,31,4650.0,0.0
2026-W12,ROW-BT-TAN,ecom,23,3450.0,0.0
2026-W13,ROW-BT-TAN,store,31,4650.0,0.0
2026-W13,ROW-BT-TAN,ecom,23,3450.0,0.0
2026-W14,ROW-BT-TAN,store,29,4350.0,0.0
2026-W14,ROW-BT-TAN,ecom,21,3150.0,0.0
2026-W15,ROW-BT-TAN,store,28,4200.0,0.0
2026-W15,ROW-BT-TAN,ecom,20,3000.0,0.0
2026-W16,ROW-BT-TAN,store,30,4500.0,0.0
2026-W16,ROW-BT-TAN,ecom,20,3000.0,0.0
2026-W17,ROW-BT-TAN,store,34,5100.0,0.0
2026-W17,ROW-BT-TAN,ecom,24,3600.0,0.0
2026-W18,ROW-BT-TAN,store,27,4050.0,0.0
2026-W18,ROW-BT-TAN,ecom,19,2850.0,0.0
2026-W19,ROW-BT-TAN,store,29,4350.0,0.0
2026-W19,ROW-BT-TAN,ecom,22,3300.0,0.0
2026-W20,ROW-BT-TAN,store,29,4350.0,0.0
2026-W20,ROW-BT-TAN,ecom,21,3150.0,0.0
2026-W21,ROW-BT-TAN,store,34,4590.0,0.1
2026-W21,ROW-BT-TAN,ecom,26,3510.0,0.1
2026-W22,ROW-BT-TAN,store,30,4050.0,0.1
2026-W22,ROW-BT-TAN,ecom,24,3240.0,0.1
2026-W23,ROW-BT-TAN,store,36,4860.0,0.1
2026-W23,ROW-BT-TAN,ecom,27,3645.0,0.1
2026-W24,ROW-BT-TAN,store,37,4995.0,0.1
2026-W24,ROW-BT-TAN,ecom,25,3375.0,0.1
2026-W25,ROW-BT-TAN,store,36,4860.0,0.1
2026-W25,ROW-BT-TAN,ecom,26,3510.0,0.1
2026-W26,ROW-BT-TAN,store,36,4860.0,0.1
2026-W26,ROW-BT-TAN,ecom,23,3105.0,0.1
2026-W27,ROW-BT-TAN,store,27,4050.0,0.0
2026-W27,ROW-BT-TAN,ecom,20,3000.0,0.0
2026-W28,ROW-BT-TAN,store,34,5100.0,0.0
2026-W28,ROW-BT-TAN,ecom,22,3300.0,0.0
2026-W29,ROW-BT-TAN,store,31,4650.0,0.0
2026-W29,ROW-BT-TAN,ecom,23,3450.0,0.0
2026-W30,ROW-BT-TAN,store,26,3900.0,0.0
2026-W30,ROW-BT-TAN,ecom,19,2850.0,0.0
2026-W31,ROW-BT-TAN,store,27,4050.0,0.0
2026-W31,ROW-BT-TAN,ecom,18,2700.0,0.0
2026-W06,QUI-CH-BLK,store,57,6270.0,0.0
2026-W06,QUI-CH-BLK,ecom,41,4510.0,0.0
2026-W07,QUI-CH-BLK,store,49,5390.0,0.0
2026-W07,QUI-CH-BLK,ecom,38,4180.0,0.0
2026-W08,QUI-CH-BLK,store,51,5610.0,0.0
2026-W08,QUI-CH-BLK,ecom,38,4180.0,0.0
2026-W09,QUI-CH-BLK,store,63,6930.0,0.0
2026-W09,QUI-CH-BLK,ecom,47,5170.0,0.0
2026-W10,QUI-CH-BLK,store,53,5830.0,0.0
2026-W10,QUI-CH-BLK,ecom,41,4510.0,0.0
2026-W11,QUI-CH-BLK,store,54,5940.0,0.0
2026-W11,QUI-CH-BLK,ecom,41,4510.0,0.0
2026-W12,QUI-CH-BLK,store,58,6380.0,0.0
2026-W12,QUI-CH-BLK,ecom,45,4950.0,0.0
2026-W13,QUI-CH-BLK,store,53,5830.0,0.0
2026-W13,QUI-CH-BLK,ecom,41,4510.0,0.0
2026-W14,QUI-CH-BLK,store,50,5500.0,0.0
2026-W14,QUI-CH-BLK,ecom,33,3630.0,0.0
2026-W15,QUI-CH-BLK,store,49,5390.0,0.0
2026-W15,QUI-CH-BLK,ecom,36,3960.0,0.0
2026-W16,QUI-CH-BLK,store,58,6380.0,0.0
2026-W16,QUI-CH-BLK,ecom,46,5060.0,0.0
2026-W17,QUI-CH-BLK,store,57,6270.0,0.0
2026-W17,QUI-CH-BLK,ecom,42,4620.0,0.0
2026-W18,QUI-CH-BLK,store,53,5830.0,0.0
2026-W18,QUI-CH-BLK,ecom,34,3740.0,0.0
2026-W19,QUI-CH-BLK,store,50,5500.0,0.0
2026-W19,QUI-CH-BLK,ecom,32,3520.0,0.0
2026-W20,QUI-CH-BLK,store,56,6160.0,0.0
2026-W20,QUI-CH-BLK,ecom,42,4620.0,0.0
2026-W21,QUI-CH-BLK,store,72,6336.0,0.2
2026-W21,QUI-CH-BLK,ecom,47,4136.0,0.2
2026-W22,QUI-CH-BLK,store,74,6512.0,0.2
2026-W22,QUI-CH-BLK,ecom,57,5016.0,0.2
2026-W23,QUI-CH-BLK,store,78,6864.0,0.2
2026-W23,QUI-CH-BLK,ecom,58,5104.0,0.2
2026-W24,QUI-CH-BLK,store,80,7040.0,0.2
2026-W24,QUI-CH-BLK,ecom,59,5192.0,0.2
2026-W25,QUI-CH-BLK,store,73,6424.0,0.2
2026-W25,QUI-CH-BLK,ecom,52,4576.0,0.2
2026-W26,QUI-CH-BLK,store,68,5984.0,0.2
2026-W26,QUI-CH-BLK,ecom,52,4576.0,0.2
2026-W27,QUI-CH-BLK,store,42,4620.0,0.0
2026-W27,QUI-CH-BLK,ecom,29,3190.0,0.0
2026-W28,QUI-CH-BLK,store,38,4180.0,0.0
2026-W28,QUI-CH-BLK,ecom,27,2970.0,0.0
2026-W29,QUI-CH-BLK,store,36,3960.0,0.0
2026-W29,QUI-CH-BLK,ecom,28,3080.0,0.0
2026-W30,QUI-CH-BLK,store,38,4180.0,0.0
2026-W30,QUI-CH-BLK,ecom,27,2970.0,0.0
2026-W31,QUI-CH-BLK,store,35,3850.0,0.0
2026-W31,QUI-CH-BLK,ecom,26,2860.0,0.0
2026-W06,QUI-CH-TAN,store,38,4180.0,0.0
2026-W06,QUI-CH-TAN,ecom,26,2860.0,0.0
2026-W07,QUI-CH-TAN,store,31,3410.0,0.0
2026-W07,QUI-CH-TAN,ecom,25,2750.0,0.0
2026-W08,QUI-CH-TAN,store,33,3630.0,0.0
2026-W08,QUI-CH-TAN,ecom,27,2970.0,0.0
2026-W09,QUI-CH-TAN,store,37,4070.0,0.0
2026-W09,QUI-CH-TAN,ecom,25,2750.0,0.0
2026-W10,QUI-CH-TAN,store,41,4510.0,0.0
2026-W10,QUI-CH-TAN,ecom,28,3080.0,0.0
2026-W11,QUI-CH-TAN,store,37,4070.0,0.0
2026-W11,QUI-CH-TAN,ecom,28,3080.0,0.0
2026-W12,QUI-CH-TAN,store,33,3630.0,0.0
2026-W12,QUI-CH-TAN,ecom,24,2640.0,0.0
2026-W13,QUI-CH-TAN,store,38,4180.0,0.0
2026-W13,QUI-CH-TAN,ecom,29,3190.0,0.0
2026-W14,QUI-CH-TAN,store,36,3960.0,0.0
2026-W14,QUI-CH-TAN,ecom,28,3080.0,0.0
2026-W15,QUI-CH-TAN,store,40,4400.0,0.0
2026-W15,QUI-CH-TAN,ecom,26,2860.0,0.0
2026-W16,QUI-CH-TAN,store,37,4070.0,0.0
2026-W16,QUI-CH-TAN,ecom,24,2640.0,0.0
2026-W17,QUI-CH-TAN,store,35,3850.0,0.0
2026-W17,QUI-CH-TAN,ecom,23,2530.0,0.0
2026-W18,QUI-CH-TAN,store,37,4070.0,0.0
2026-W18,QUI-CH-TAN,ecom,24,2640.0,0.0
2026-W19,QUI-CH-TAN,store,35,3850.0,0.0
2026-W19,QUI-CH-TAN,ecom,24,2640.0,0.0
2026-W20,QUI-CH-TAN,store,39,4290.0,0.0
2026-W20,QUI-CH-TAN,ecom,25,2750.0,0.0
2026-W21,QUI-CH-TAN,store,42,4158.0,0.1
2026-W21,QUI-CH-TAN,ecom,31,3069.0,0.1
2026-W22,QUI-CH-TAN,store,42,4158.0,0.1
2026-W22,QUI-CH-TAN,ecom,32,3168.0,0.1
2026-W23,QUI-CH-TAN,store,34,3366.0,0.1
2026-W23,QUI-CH-TAN,ecom,28,2772.0,0.1
2026-W24,QUI-CH-TAN,store,43,4257.0,0.1
2026-W24,QUI-CH-TAN,ecom,30,2970.0,0.1
2026-W25,QUI-CH-TAN,store,42,4158.0,0.1
2026-W25,QUI-CH-TAN,ecom,31,3069.0,0.1
2026-W26,QUI-CH-TAN,store,40,3960.0,0.1
2026-W26,QUI-CH-TAN,ecom,32,3168.0,0.1
2026-W27,QUI-CH-TAN,store,38,4180.0,0.0
2026-W27,QUI-CH-TAN,ecom,26,2860.0,0.0
2026-W28,QUI-CH-TAN,store,36,3960.0,0.0
2026-W28,QUI-CH-TAN,ecom,28,3080.0,0.0
2026-W29,QUI-CH-TAN,store,38,4180.0,0.0
2026-W29,QUI-CH-TAN,ecom,26,2860.0,0.0
2026-W30,QUI-CH-TAN,store,34,3740.0,0.0
2026-W30,QUI-CH-TAN,ecom,24,2640.0,0.0
2026-W31,QUI-CH-TAN,store,32,3520.0,0.0
2026-W31,QUI-CH-TAN,ecom,26,2860.0,0.0
2026-W06,FAY-WL-BLK,store,33,6270.0,0.0
2026-W06,FAY-WL-BLK,ecom,25,4750.0,0.0
2026-W07,FAY-WL-BLK,store,30,5700.0,0.0
2026-W07,FAY-WL-BLK,ecom,24,4560.0,0.0
2026-W08,FAY-WL-BLK,store,32,6080.0,0.0
2026-W08,FAY-WL-BLK,ecom,24,4560.0,0.0
2026-W09,FAY-WL-BLK,store,33,6270.0,0.0
2026-W09,FAY-WL-BLK,ecom,23,4370.0,0.0
2026-W10,FAY-WL-BLK,store,35,6650.0,0.0
2026-W10,FAY-WL-BLK,ecom,23,4370.0,0.0
2026-W11,FAY-WL-BLK,store,36,6840.0,0.0
2026-W11,FAY-WL-BLK,ecom,24,4560.0,0.0
2026-W12,FAY-WL-BLK,store,32,6080.0,0.0
2026-W12,FAY-WL-BLK,ecom,22,4180.0,0.0
2026-W13,FAY-WL-BLK,store,33,6270.0,0.0
2026-W13,FAY-WL-BLK,ecom,22,4180.0,0.0
2026-W14,FAY-WL-BLK,store,37,7030.0,0.0
2026-W14,FAY-WL-BLK,ecom,23,4370.0,0.0
2026-W15,FAY-WL-BLK,store,33,6270.0,0.0
2026-W15,FAY-WL-BLK,ecom,27,5130.0,0.0
2026-W16,FAY-WL-BLK,store,34,6460.0,0.0
2026-W16,FAY-WL-BLK,ecom,24,4560.0,0.0
2026-W17,FAY-WL-BLK,store,38,7220.0,0.0
2026-W17,FAY-WL-BLK,ecom,26,4940.0,0.0
2026-W18,FAY-WL-BLK,store,30,5700.0,0.0
2026-W18,FAY-WL-BLK,ecom,21,3990.0,0.0
2026-W19,FAY-WL-BLK,store,29,5510.0,0.0
2026-W19,FAY-WL-BLK,ecom,21,3990.0,0.0
2026-W20,FAY-WL-BLK,store,33,6270.0,0.0
2026-W20,FAY-WL-BLK,ecom,27,5130.0,0.0
2026-W21,FAY-WL-BLK,store,40,6840.0,0.1
2026-W21,FAY-WL-BLK,ecom,29,4959.0,0.1
2026-W22,FAY-WL-BLK,store,34,5814.0,0.1
2026-W22,FAY-WL-BLK,ecom,23,3933.0,0.1
2026-W23,FAY-WL-BLK,store,34,5814.0,0.1
2026-W23,FAY-WL-BLK,ecom,24,4104.0,0.1
2026-W24,FAY-WL-BLK,store,43,7353.0,0.1
2026-W24,FAY-WL-BLK,ecom,29,4959.0,0.1
2026-W25,FAY-WL-BLK,store,39,6669.0,0.1
2026-W25,FAY-WL-BLK,ecom,26,4446.0,0.1
2026-W26,FAY-WL-BLK,store,36,6156.0,0.1
2026-W26,FAY-WL-BLK,ecom,26,4446.0,0.1
2026-W27,FAY-WL-BLK,store,31,5890.0,0.0
2026-W27,FAY-WL-BLK,ecom,21,3990.0,0.0
2026-W28,FAY-WL-BLK,store,35,6650.0,0.0
2026-W28,FAY-WL-BLK,ecom,27,5130.0,0.0
2026-W29,FAY-WL-BLK,store,38,7220.0,0.0
2026-W29,FAY-WL-BLK,ecom,25,4750.0,0.0
2026-W30,FAY-WL-BLK,store,32,6080.0,0.0
2026-W30,FAY-WL-BLK,ecom,25,4750.0,0.0
2026-W31,FAY-WL-BLK,store,28,5320.0,0.0
2026-W31,FAY-WL-BLK,ecom,22,4180.0,0.0
2026-W06,FAY-WL-TAN,store,25,4750.0,0.0
2026-W06,FAY-WL-TAN,ecom,16,3040.0,0.0
2026-W07,FAY-WL-TAN,store,21,3990.0,0.0
2026-W07,FAY-WL-TAN,ecom,15,2850.0,0.0
2026-W08,FAY-WL-TAN,store,23,4370.0,0.0
2026-W08,FAY-WL-TAN,ecom,16,3040.0,0.0
2026-W09,FAY-WL-TAN,store,27,5130.0,0.0
2026-W09,FAY-WL-TAN,ecom,17,3230.0,0.0
2026-W10,FAY-WL-TAN,store,22,4180.0,0.0
2026-W10,FAY-WL-TAN,ecom,18,3420.0,0.0
2026-W11,FAY-WL-TAN,store,20,3800.0,0.0
2026-W11,FAY-WL-TAN,ecom,17,3230.0,0.0
2026-W12,FAY-WL-TAN,store,22,4180.0,0.0
2026-W12,FAY-WL-TAN,ecom,17,3230.0,0.0
2026-W13,FAY-WL-TAN,store,21,3990.0,0.0
2026-W13,FAY-WL-TAN,ecom,17,3230.0,0.0
2026-W14,FAY-WL-TAN,store,20,3800.0,0.0
2026-W14,FAY-WL-TAN,ecom,14,2660.0,0.0
2026-W15,FAY-WL-TAN,store,21,3990.0,0.0
2026-W15,FAY-WL-TAN,ecom,14,2660.0,0.0
2026-W16,FAY-WL-TAN,store,21,3990.0,0.0
2026-W16,FAY-WL-TAN,ecom,17,3230.0,0.0
2026-W17,FAY-WL-TAN,store,25,4750.0,0.0
2026-W17,FAY-WL-TAN,ecom,18,3420.0,0.0
2026-W18,FAY-WL-TAN,store,20,3800.0,0.0
2026-W18,FAY-WL-TAN,ecom,17,3230.0,0.0
2026-W19,FAY-WL-TAN,store,20,3800.0,0.0
2026-W19,FAY-WL-TAN,ecom,15,2850.0,0.0
2026-W20,FAY-WL-TAN,store,24,4560.0,0.0
2026-W20,FAY-WL-TAN,ecom,20,3800.0,0.0
2026-W21,FAY-WL-TAN,store,26,4446.0,0.1
2026-W21,FAY-WL-TAN,ecom,18,3078.0,0.1
2026-W22,FAY-WL-TAN,store,25,4275.0,0.1
2026-W22,FAY-WL-TAN,ecom,17,2907.0,0.1
2026-W23,FAY-WL-TAN,store,26,4446.0,0.1
2026-W23,FAY-WL-TAN,ecom,18,3078.0,0.1
2026-W24,FAY-WL-TAN,store,28,4788.0,0.1
2026-W24,FAY-WL-TAN,ecom,20,3420.0,0.1
2026-W25,FAY-WL-TAN,store,28,4788.0,0.1
2026-W25,FAY-WL-TAN,ecom,21,3591.0,0.1
2026-W26,FAY-WL-TAN,store,26,4446.0,0.1
2026-W26,FAY-WL-TAN,ecom,18,3078.0,0.1
2026-W27,FAY-WL-TAN,store,21,3990.0,0.0
2026-W27,FAY-WL-TAN,ecom,14,2660.0,0.0
2026-W28,FAY-WL-TAN,store,25,4750.0,0.0
2026-W28,FAY-WL-TAN,ecom,18,3420.0,0.0
2026-W29,FAY-WL-TAN,store,22,4180.0,0.0
2026-W29,FAY-WL-TAN,ecom,15,2850.0,0.0
2026-W30,FAY-WL-TAN,store,21,3990.0,0.0
2026-W30,FAY-WL-TAN,ecom,14,2660.0,0.0
2026-W31,FAY-WL-TAN,store,20,3800.0,0.0
2026-W31,FAY-WL-TAN,ecom,15,2850.0,0.0
2026-W06,IRI-PC-BLK,store,24,2280.0,0.0
2026-W06,IRI-PC-BLK,ecom,19,1805.0,0.0
2026-W07,IRI-PC-BLK,store,25,2375.0,0.0
2026-W07,IRI-PC-BLK,ecom,20,1900.0,0.0
2026-W08,IRI-PC-BLK,store,29,2755.0,0.0
2026-W08,IRI-PC-BLK,ecom,23,2185.0,0.0
2026-W09,IRI-PC-BLK,store,30,2850.0,0.0
2026-W09,IRI-PC-BLK,ecom,21,1995.0,0.0
2026-W10,IRI-PC-BLK,store,29,2755.0,0.0
2026-W10,IRI-PC-BLK,ecom,21,1995.0,0.0
2026-W11,IRI-PC-BLK,store,31,2945.0,0.0
2026-W11,IRI-PC-BLK,ecom,21,1995.0,0.0
2026-W12,IRI-PC-BLK,store,26,2470.0,0.0
2026-W12,IRI-PC-BLK,ecom,20,1900.0,0.0
2026-W13,IRI-PC-BLK,store,27,2565.0,0.0
2026-W13,IRI-PC-BLK,ecom,18,1710.0,0.0
2026-W14,IRI-PC-BLK,store,28,2660.0,0.0
2026-W14,IRI-PC-BLK,ecom,21,1995.0,0.0
2026-W15,IRI-PC-BLK,store,28,2660.0,0.0
2026-W15,IRI-PC-BLK,ecom,18,1710.0,0.0
2026-W16,IRI-PC-BLK,store,30,2850.0,0.0
2026-W16,IRI-PC-BLK,ecom,20,1900.0,0.0
2026-W17,IRI-PC-BLK,store,30,2850.0,0.0
2026-W17,IRI-PC-BLK,ecom,19,1805.0,0.0
2026-W18,IRI-PC-BLK,store,26,2470.0,0.0
2026-W18,IRI-PC-BLK,ecom,21,1995.0,0.0
2026-W19,IRI-PC-BLK,store,29,2755.0,0.0
2026-W19,IRI-PC-BLK,ecom,21,1995.0,0.0
2026-W20,IRI-PC-BLK,store,30,2850.0,0.0
2026-W20,IRI-PC-BLK,ecom,19,1805.0,0.0
2026-W21,IRI-PC-BLK,store,36,3078.0,0.1
2026-W21,IRI-PC-BLK,ecom,26,2223.0,0.1
2026-W22,IRI-PC-BLK,store,33,2821.5,0.1
2026-W22,IRI-PC-BLK,ecom,24,2052.0,0.1
2026-W23,IRI-PC-BLK,store,32,2736.0,0.1
2026-W23,IRI-PC-BLK,ecom,22,1881.0,0.1
2026-W24,IRI-PC-BLK,store,33,2821.5,0.1
2026-W24,IRI-PC-BLK,ecom,27,2308.5,0.1
2026-W25,IRI-PC-BLK,store,31,2650.5,0.1
2026-W25,IRI-PC-BLK,ecom,24,2052.0,0.1
2026-W26,IRI-PC-BLK,store,34,2907.0,0.1
2026-W26,IRI-PC-BLK,ecom,22,1881.0,0.1
2026-W27,IRI-PC-BLK,store,24,2280.0,0.0
2026-W27,IRI-PC-BLK,ecom,20,1900.0,0.0
2026-W28,IRI-PC-BLK,store,28,2660.0,0.0
2026-W28,IRI-PC-BLK,ecom,23,2185.0,0.0
2026-W29,IRI-PC-BLK,store,29,2755.0,0.0
2026-W29,IRI-PC-BLK,ecom,22,2090.0,0.0
2026-W30,IRI-PC-BLK,store,25,2375.0,0.0
2026-W30,IRI-PC-BLK,ecom,18,1710.0,0.0
2026-W31,IRI-PC-BLK,store,28,2660.0,0.0
2026-W31,IRI-PC-BLK,ecom,20,1900.0,0.0
2026-W06,TIL-CM-GLD,store,69,4485.0,0.0
2026-W06,TIL-CM-GLD,ecom,48,3120.0,0.0
2026-W07,TIL-CM-GLD,store,74,4810.0,0.0
2026-W07,TIL-CM-GLD,ecom,54,3510.0,0.0
2026-W08,TIL-CM-GLD,store,65,4225.0,0.0
2026-W08,TIL-CM-GLD,ecom,49,3185.0,0.0
2026-W09,TIL-CM-GLD,store,77,5005.0,0.0
2026-W09,TIL-CM-GLD,ecom,51,3315.0,0.0
2026-W10,TIL-CM-GLD,store,76,4940.0,0.0
2026-W10,TIL-CM-GLD,ecom,59,3835.0,0.0
2026-W11,TIL-CM-GLD,store,67,4355.0,0.0
2026-W11,TIL-CM-GLD,ecom,51,3315.0,0.0
2026-W12,TIL-CM-GLD,store,68,4420.0,0.0
2026-W12,TIL-CM-GLD,ecom,50,3250.0,0.0
2026-W13,TIL-CM-GLD,store,65,4225.0,0.0
2026-W13,TIL-CM-GLD,ecom,51,3315.0,0.0
2026-W14,TIL-CM-GLD,store,70,4550.0,0.0
2026-W14,TIL-CM-GLD,ecom,50,3250.0,0.0
2026-W15,TIL-CM-GLD,store,75,4875.0,0.0
2026-W15,TIL-CM-GLD,ecom,49,3185.0,0.0
2026-W16,TIL-CM-GLD,store,64,4160.0,0.0
2026-W16,TIL-CM-GLD,ecom,52,3380.0,0.0
2026-W17,TIL-CM-GLD,store,73,4745.0,0.0
2026-W17,TIL-CM-GLD,ecom,55,3575.0,0.0
2026-W18,TIL-CM-GLD,store,67,4355.0,0.0
2026-W18,TIL-CM-GLD,ecom,53,3445.0,0.0
2026-W19,TIL-CM-GLD,store,74,4810.0,0.0
2026-W19,TIL-CM-GLD,ecom,53,3445.0,0.0
2026-W20,TIL-CM-GLD,store,64,4160.0,0.0
2026-W20,TIL-CM-GLD,ecom,50,3250.0,0.0
2026-W21,TIL-CM-GLD,store,108,5616.0,0.2
2026-W21,TIL-CM-GLD,ecom,80,4160.0,0.2
2026-W22,TIL-CM-GLD,store,90,4680.0,0.2
2026-W22,TIL-CM-GLD,ecom,70,3640.0,0.2
2026-W23,TIL-CM-GLD,store,103,5356.0,0.2
2026-W23,TIL-CM-GLD,ecom,75,3900.0,0.2
2026-W24,TIL-CM-GLD,store,98,5096.0,0.2
2026-W24,TIL-CM-GLD,ecom,69,3588.0,0.2
2026-W25,TIL-CM-GLD,store,104,5408.0,0.2
2026-W25,TIL-CM-GLD,ecom,70,3640.0,0.2
2026-W26,TIL-CM-GLD,store,99,5148.0,0.2
2026-W26,TIL-CM-GLD,ecom,72,3744.0,0.2
2026-W27,TIL-CM-GLD,store,54,3510.0,0.0
2026-W27,TIL-CM-GLD,ecom,39,2535.0,0.0
2026-W28,TIL-CM-GLD,store,55,3575.0,0.0
2026-W28,TIL-CM-GLD,ecom,42,2730.0,0.0
2026-W29,TIL-CM-GLD,store,53,3445.0,0.0
2026-W29,TIL-CM-GLD,ecom,37,2405.0,0.0
2026-W30,TIL-CM-GLD,store,48,3120.0,0.0
2026-W30,TIL-CM-GLD,ecom,32,2080.0,0.0
2026-W31,TIL-CM-GLD,store,44,2860.0,0.0
2026-W31,TIL-CM-GLD,ecom,35,2275.0,0.0
2026-W06,TIL-CM-MIX,store,48,3120.0,0.0
2026-W06,TIL-CM-MIX,ecom,35,2275.0,0.0
2026-W07,TIL-CM-MIX,store,46,2990.0,0.0
2026-W07,TIL-CM-MIX,ecom,37,2405.0,0.0
2026-W08,TIL-CM-MIX,store,60,3900.0,0.0
2026-W08,TIL-CM-MIX,ecom,39,2535.0,0.0
2026-W09,TIL-CM-MIX,store,56,3640.0,0.0
2026-W09,TIL-CM-MIX,ecom,41,2665.0,0.0
2026-W10,TIL-CM-MIX,store,51,3315.0,0.0
2026-W10,TIL-CM-MIX,ecom,35,2275.0,0.0
2026-W11,TIL-CM-MIX,store,55,3575.0,0.0
2026-W11,TIL-CM-MIX,ecom,37,2405.0,0.0
2026-W12,TIL-CM-MIX,store,58,3770.0,0.0
2026-W12,TIL-CM-MIX,ecom,41,2665.0,0.0
2026-W13,TIL-CM-MIX,store,51,3315.0,0.0
2026-W13,TIL-CM-MIX,ecom,34,2210.0,0.0
2026-W14,TIL-CM-MIX,store,50,3250.0,0.0
2026-W14,TIL-CM-MIX,ecom,32,2080.0,0.0
2026-W15,TIL-CM-MIX,store,51,3315.0,0.0
2026-W15,TIL-CM-MIX,ecom,33,2145.0,0.0
2026-W16,TIL-CM-MIX,store,48,3120.0,0.0
2026-W16,TIL-CM-MIX,ecom,37,2405.0,0.0
2026-W17,TIL-CM-MIX,store,55,3575.0,0.0
2026-W17,TIL-CM-MIX,ecom,42,2730.0,0.0
2026-W18,TIL-CM-MIX,store,51,3315.0,0.0
2026-W18,TIL-CM-MIX,ecom,33,2145.0,0.0
2026-W19,TIL-CM-MIX,store,52,3380.0,0.0
2026-W19,TIL-CM-MIX,ecom,36,2340.0,0.0
2026-W20,TIL-CM-MIX,store,58,3770.0,0.0
2026-W20,TIL-CM-MIX,ecom,42,2730.0,0.0
2026-W21,TIL-CM-MIX,store,69,4036.5,0.1
2026-W21,TIL-CM-MIX,ecom,44,2574.0,0.1
2026-W22,TIL-CM-MIX,store,59,3451.5,0.1
2026-W22,TIL-CM-MIX,ecom,43,2515.5,0.1
2026-W23,TIL-CM-MIX,store,59,3451.5,0.1
2026-W23,TIL-CM-MIX,ecom,40,2340.0,0.1
2026-W24,TIL-CM-MIX,store,60,3510.0,0.1
2026-W24,TIL-CM-MIX,ecom,45,2632.5,0.1
2026-W25,TIL-CM-MIX,store,67,3919.5,0.1
2026-W25,TIL-CM-MIX,ecom,47,2749.5,0.1
2026-W26,TIL-CM-MIX,store,63,3685.5,0.1
2026-W26,TIL-CM-MIX,ecom,45,2632.5,0.1
2026-W27,TIL-CM-MIX,store,52,3380.0,0.0
2026-W27,TIL-CM-MIX,ecom,40,2600.0,0.0
2026-W28,TIL-CM-MIX,store,52,3380.0,0.0
2026-W28,TIL-CM-MIX,ecom,33,2145.0,0.0
2026-W29,TIL-CM-MIX,store,57,3705.0,0.0
2026-W29,TIL-CM-MIX,ecom,43,2795.0,0.0
2026-W30,TIL-CM-MIX,store,47,3055.0,0.0
2026-W30,TIL-CM-MIX,ecom,38,2470.0,0.0
2026-W31,TIL-CM-MIX,store,53,3445.0,0.0
2026-W31,TIL-CM-MIX,ecom,42,2730.0,0.0
2026-W06,BO-TSL-TAN,store,41,2255.0,0.0
2026-W06,BO-TSL-TAN,ecom,29,1595.0,0.0
2026-W07,BO-TSL-TAN,store,40,2200.0,0.0
2026-W07,BO-TSL-TAN,ecom,33,1815.0,0.0
2026-W08,BO-TSL-TAN,store,45,2475.0,0.0
2026-W08,BO-TSL-TAN,ecom,33,1815.0,0.0
2026-W09,BO-TSL-TAN,store,50,2750.0,0.0
2026-W09,BO-TSL-TAN,ecom,37,2035.0,0.0
2026-W10,BO-TSL-TAN,store,44,2420.0,0.0
2026-W10,BO-TSL-TAN,ecom,32,1760.0,0.0
2026-W11,BO-TSL-TAN,store,47,2585.0,0.0
2026-W11,BO-TSL-TAN,ecom,31,1705.0,0.0
2026-W12,BO-TSL-TAN,store,48,2640.0,0.0
2026-W12,BO-TSL-TAN,ecom,35,1925.0,0.0
2026-W13,BO-TSL-TAN,store,46,2530.0,0.0
2026-W13,BO-TSL-TAN,ecom,37,2035.0,0.0
2026-W14,BO-TSL-TAN,store,47,2585.0,0.0
2026-W14,BO-TSL-TAN,ecom,31,1705.0,0.0
2026-W15,BO-TSL-TAN,store,44,2420.0,0.0
2026-W15,BO-TSL-TAN,ecom,33,1815.0,0.0
2026-W16,BO-TSL-TAN,store,46,2530.0,0.0
2026-W16,BO-TSL-TAN,ecom,32,1760.0,0.0
2026-W17,BO-TSL-TAN,store,42,2310.0,0.0
2026-W17,BO-TSL-TAN,ecom,35,1925.0,0.0
2026-W18,BO-TSL-TAN,store,44,2420.0,0.0
2026-W18,BO-TSL-TAN,ecom,32,1760.0,0.0
2026-W19,BO-TSL-TAN,store,42,2310.0,0.0
2026-W19,BO-TSL-TAN,ecom,27,1485.0,0.0
2026-W20,BO-TSL-TAN,store,37,2035.0,0.0
2026-W20,BO-TSL-TAN,ecom,31,1705.0,0.0
2026-W21,BO-TSL-TAN,store,52,2574.0,0.1
2026-W21,BO-TSL-TAN,ecom,40,1980.0,0.1
2026-W22,BO-TSL-TAN,store,46,2277.0,0.1
2026-W22,BO-TSL-TAN,ecom,33,1633.5,0.1
2026-W23,BO-TSL-TAN,store,46,2277.0,0.1
2026-W23,BO-TSL-TAN,ecom,37,1831.5,0.1
2026-W24,BO-TSL-TAN,store,50,2475.0,0.1
2026-W24,BO-TSL-TAN,ecom,41,2029.5,0.1
2026-W25,BO-TSL-TAN,store,48,2376.0,0.1
2026-W25,BO-TSL-TAN,ecom,33,1633.5,0.1
2026-W26,BO-TSL-TAN,store,46,2277.0,0.1
2026-W26,BO-TSL-TAN,ecom,38,1881.0,0.1
2026-W27,BO-TSL-TAN,store,39,2145.0,0.0
2026-W27,BO-TSL-TAN,ecom,29,1595.0,0.0
2026-W28,BO-TSL-TAN,store,46,2530.0,0.0
2026-W28,BO-TSL-TAN,ecom,34,1870.0,0.0
2026-W29,BO-TSL-TAN,store,46,2530.0,0.0
2026-W29,BO-TSL-TAN,ecom,30,1650.0,0.0
2026-W30,BO-TSL-TAN,store,39,2145.0,0.0
2026-W30,BO-TSL-TAN,ecom,29,1595.0,0.0
2026-W31,BO-TSL-TAN,store,44,2420.0,0.0
2026-W31,BO-TSL-TAN,ecom,34,1870.0,0.0
